Project_ID,Title,Description
51247,Nanoscale Characterization and Aim-Specific Design of Amorphous Materials,"Project ID 51247
Nanoscale Characterization and Aim-Specific Design of Amorphous Materials
Properties of materials are being explored both for fundamental research and engineering applications. Specifically, mechanical properties of materials (e.g., strength, stiffness, and deformation) are important for all aspects of human civilization, including energy, transportation, and communication. However, the existence of lattice-based (i.e., periodic) microstructures limits the mechanical operation and the lifetime of materials. This research program proposes to investigate amorphous metal alloys by measuring their local mechanical properties to ultimately enable their aim-specific design. Conventional mechanical characterization techniques (e.g., compression, tension tests) only measure area/volume-averaged properties. As a result, it is not well-understood how deviations from the ideal lattice in disordered materials alter the local mechanical properties and thus, the governing physical and mechanical principles at the relevant length scales, i.e., nanometers. Furthermore, the lack of this basic knowledge hampers engineers and scientists in their efforts to establish the structure-property relationship of amorphous metals. To fill this fundamental gap, our research program will focus on the local mechanical characterization of disordered metal alloy compounds such as bulk metallic glasses, i.e., amorphous metals with no periodic crystal structure that is stronger than steel while being more resistant to wear and corrosion than regular metals. The intellectual merit of the proposed research program is that it will deliver the direct and accurate determination of the mechanical properties and deformation mechanisms of amorphous materials across different length scales as a function of the preparation history, sample size, alloy composition, and probing volume while enabling structure-property relationships facilitated by novel sample preparation (e.g., thermoplastic forming) and characterization techniques (e.g., scanning probe microscopy).
Faculty supervisor:  OmurDagdeviren
Faculty Province: Québec
Faculty University: École de Technologie Supérieure
Faculty Campus: Montréal
Project Location: Montreal, Québec
Language: English
Preferred start date: 2027-05-12 (yyyy-mm-dd)
View Detail
Apply"
51248,Characterization of Materials for Renewable Energy Applications,"Project ID 51248
Characterization of Materials for Renewable Energy Applications
The equilibrium and nonequilibrium dynamics of lattice defects (e.g., vacant sides in the lattice that are known as vacancies) encompass their collective interaction with each other and their surroundings. Fundamentally, lattice defects determine the electronic, optoelectronic, and chemical properties of materials. For this reason, the physics underlying defect interactions, migration, and exchange is not only important for our basic understanding of material properties but it also underpins a wide spectrum of technologies that are strategically important both for Québec and Canada, including solid oxide fuel cells, oxygen separation membranes, energy conversion, computing devices, and high-temperature superconductors. Within these applications, perovskites (i.e., “cubic” oxide structures with a general formula of ABO3 where A (e.g., Ca or Sr) and B (e.g., Nb or Ti) are cations and O is the anion) are widely utilized either as a primary component or as a substrate in which the dynamics of charged oxygen vacancy defects play an important role. Current quantitative knowledge regarding the dynamics of vacancy mobility in perovskites is solely based upon volume and/or time-averaged measurements. The underlying nanoscale phenomena are thus averaged over scales orders of magnitude larger than the governing spatial and temporal lattice dimensions. This impedes our understanding of the basic physical principles governing defect migration in inorganic materials. To fill the gap for this fundamental problem, this research project will concentrate on the measurements of dynamics of vacancy migration at the relevant spatial and temporal scales using time-resolved scanning probe microscopy (SPM) methodologies. The outcome of this project will allow us to understand the spatial and temporal variation of the time constant and energy barriers associated with oxygen vacancy migration in inorganic perovskites as a function of surface and bulk defect density.
Faculty supervisor:  OmurDagdeviren
Faculty Province: Québec
Faculty University: École de Technologie Supérieure
Faculty Campus: Montréal
Project Location: Montreal, Québec
Language: English
Preferred start date: 2027-05-04 (yyyy-mm-dd)
View Detail
Apply"
51249,"High-Resolution, Quantitative Characterization of Materials for Industrial Applications","Project ID 51249
High-Resolution, Quantitative Characterization of Materials for Industrial Applications
The equilibrium and nonequilibrium dynamics of lattice defects (e.g., vacant sides in the lattice that are known as vacancies) encompass their collective interaction with each other and their surroundings. Fundamentally, lattice defects determine the electronic, optoelectronic, and chemical properties of materials. For this reason, the physics underlying defect interactions, migration, and exchange is not only important for our basic understanding of material properties but it also underpins a wide spectrum of technologies that are strategically important both for Québec and Canada, including solid oxide fuel cells, oxygen separation membranes, energy conversion, computing devices, and high-temperature superconductors. Within these applications, perovskites (i.e., “cubic” oxide structures with a general formula of ABO3 where A (e.g., Ca or Sr) and B (e.g., Nb or Ti) are cations and O is the anion) are widely utilized either as a primary component or as a substrate in which the dynamics of charged oxygen vacancy defects play an important role. Current quantitative knowledge regarding the dynamics of vacancy mobility in perovskites is solely based upon volume and/or time-averaged measurements. The underlying nanoscale phenomena are thus averaged over scales orders of magnitude larger than the governing spatial and temporal lattice dimensions. This impedes our understanding of the basic physical principles governing defect migration in inorganic materials. To fill the gap for this fundamental problem, this research project will concentrate on the measurements of dynamics of vacancy migration at the relevant spatial and temporal scales using time-resolved scanning probe microscopy (SPM) methodologies. The outcome of this project will allow us to understand the spatial and temporal variation of the time constant and energy barriers associated with oxygen vacancy migration in inorganic perovskites as a function of surface and bulk defect density.
Faculty supervisor:  OmurDagdeviren
Faculty Province: Québec
Faculty University: École de Technologie Supérieure
Faculty Campus: Montréal
Project Location: Montreal, Québec
Language: English
Preferred start date: 2027-05-03 (yyyy-mm-dd)
View Detail
Apply"
51269,ISAC from the sky: Leveraging non-terrestrial networks for communications and target localization,"Project ID 51269
ISAC from the sky: Leveraging non-terrestrial networks for communications and target localization
The project “ISAC from the sky: Leveraging non‑terrestrial networks for communications and target localization” investigates how aerial platforms, such as satellites, high‑altitude platforms, and unmanned aerial vehicles, can simultaneously provide wireless connectivity and perform sensing tasks. This emerging paradigm, known as ""Integrated Sensing and Communication (ISAC)"", aims to use the same signals, spectrum, and hardware to support both data transmission and the detection or localization of targets on the ground. By focusing on non‑terrestrial networks (NTNs), the project explores how elevated platforms can offer wide coverage, rapid deployment, and improved visibility, making them ideal for applications such as emergency response, environmental monitoring, and intelligent transportation. The research involves developing models and algorithms that allow these aerial systems to balance communication performance with sensing accuracy, while also addressing challenges like interference, mobility, and resource allocation. The project seeks to advance next‑generation wireless systems by designing efficient ISAC‑enabled NTN architectures and evaluating their performance through simulation and analysis. It offers students the opportunity to work at the intersection of wireless communications, signal processing, and emerging aerial network technologies.
Faculty supervisor:  WaelJaafar
Faculty Province: Québec
Faculty University: École de Technologie Supérieure
Faculty Campus: Montréal
Project Location: Montreal, Québec
Language: English
Preferred start date: 2027-05-03 (yyyy-mm-dd)
View Detail
Apply"
51270,Exploring Quantum ML for Data Fusion of Radio and Image Data for Accurate Target Detection in Wireless Environments,"Project ID 51270
Exploring Quantum ML for Data Fusion of Radio and Image Data for Accurate Target Detection in Wireless Environments
The project aims to explore and develop innovative data fusion techniques using quantum machine learning for integrating radio and image data for target detection in wireless environments. The intern will investigate the challenges and opportunities associated with combining these two distinct types of data, aiming to improve the accuracy of target detection in radio environments. The project will involve a comprehensive study of existing data fusion techniques and their limitations, followed by the development and testing of novel approaches that leverage the power of quantum computing and machine learning. The candidate will also work on real-world datasets. The successful completion of the project could lead to significant advancements in wireless target detection, with potential applications in areas such as surveillance, remote sensing, and communication. This internship will provide the candidate with valuable experience in data analysis, algorithm development, and wireless communication.
Faculty supervisor:  WaelJaafar
Faculty Province: Québec
Faculty University: École de Technologie Supérieure
Faculty Campus: Montréal
Project Location: Montreal, Québec
Language: English
Preferred start date: 2027-05-03 (yyyy-mm-dd)
View Detail
Apply"
51305,Design of special optical fibers via AI inverse-design methods,"Project ID 51305
Design of special optical fibers via AI inverse-design methods
The goal of this project is to apply the inverse design optimization method to optical fiber design in order to explore unconventional and high-performance designs. The work will involve using existing inverse design algorithms and libraries (e.g., in Python or Matlab) and adapting them to the project's objective: optimizing the predicted optical properties of fibers for high-speed communication. These optical properties will be calculated (i.e., validated) using finite element analysis software (e.g., COMSOL Multiphysics). Communication and programming work to run certain long calculations via a supercomputer cluster hosted at Calcul Québec will also be investigated.
Faculty supervisor:  BoraUng
Faculty Province: Québec
Faculty University: École de Technologie Supérieure
Faculty Campus: Montréal
Project Location: MONTREAL, Québec
Language: English
Preferred start date: 2027-05-10 (yyyy-mm-dd)
View Detail
Apply"
51306,High-performance practical blockchain systems,"Project ID 51306
High-performance practical blockchain systems
This is a multi-faceted project on improving core blockchain components in order to improve its performance. Students will be in charge of investigating one or more aspects of blockchains, formulating novel problems, designing, implementing, and evaluating their solution. The objectives of this project include the following. Note that students are expected to choose a subset of goals to fulfill: 1- Investigate relevant blockchain use cases in the public and private sectors, identify suitable blockchain platforms, and develop Proof-of-Concept applications. This includes: cryptocurrencies, NFTs, supply chain traceability, etc. 2- Develop and improve upon existing consensus algorithms, such as Proof-of-Work, PBFT, to support more peers, provide a higher transaction throughput, and deliver predictable commit times. 3- Improve the blockchain data structure (e.g., Merkle tree) for fast insertion, querying, and compressibility. Propose new blockchain structures (e.g., tree) with increased transaction parallelism. 4- Propose a data structure for storing off-chain information, with on-chain verification mechanisms, and a dynamic algorithm for offloading data. 5- Study the effect of networking on blockchain commit time, resilience to attacks, and fork rate. Develop networking protocols for enhanced performance. 6- Create blockchain middleware, delivering reusable services in a reliable and safe manner, such as messaging, identity management, replication, etc. 7- Integrate quantum technology to improve the security of blockchains, such as QRNG (quantum random number generation)
Faculty supervisor:  KaiwenZhang
Faculty Province: Québec
Faculty University: École de Technologie Supérieure
Faculty Campus: Montréal
Project Location: Montreal, Québec
Language: Either English or French
Preferred start date: 2027-05-03 (yyyy-mm-dd)
View Detail
Apply"
51308,Quantum photonics and cryptography optical fiber,"Project ID 51308
Quantum photonics and cryptography optical fiber
1) Characterization of the biphoton source (pair generation rate, bandwidth, stability) 2) Proof of Bell's violation through visibility measurement 3) Measurement of quantum state tomography and corresponding density matrix 4) Demonstration of quantum key distribution protocol For each of the experiments, the intern will write a technical report using the scientific writing style. A final project report will be provided to the supervisor.
Faculty supervisor:  BoraUng
Faculty Province: Québec
Faculty University: École de Technologie Supérieure
Faculty Campus: Montréal
Project Location: MONTREAL, Québec
Language: English
Preferred start date: 2027-05-10 (yyyy-mm-dd)
View Detail
Apply"
51310,Development of fused optical fiber components for photonic applications,"Project ID 51310
Development of fused optical fiber components for photonic applications
Various optical manipulations and characterizations will be explored during this internship. Specifically: - fusion of standard (e.g., solid-core) and non-standard optical fibers (e.g., weakly multimode and microstructured), fabrication of single-mode and multimode couplers, and fabrication of photonics/fiber arrays using a state-of-the-art Glass fusion processing setup. A specific training will be provided for using the setup. - Characterization of fiber components using lasers, spectrometers, infrared cameras, and photodiodes. Technical support will be provided to help the intern realize these tasks. - Review of the technical literature related to the internship topic and the required experimental procedures. - Writing detailed technical reports on the laboratory procedures in a scientific style.
Faculty supervisor:  BoraUng
Faculty Province: Québec
Faculty University: École de Technologie Supérieure
Faculty Campus: Montréal
Project Location: MONTREAL, Québec
Language: English
Preferred start date: 2027-05-10 (yyyy-mm-dd)
View Detail
Apply"
51354,Characterization of a hybrid MEMS graphene resonator,"Project ID 51354
Characterization of a hybrid MEMS graphene resonator
Microelectromechanical systems (MEMS) resonators have emerged as powerful tools for sensing and signal processing at the microscale, offering high sensitivity, small footprints, and low power consumption. Recent advancements in material science have opened new possibilities for enhancing MEMS performance through the integration of two-dimensional (2D) materials. Among these, graphene stands out due to its exceptional mechanical, electrical, and thermal properties. This research project focuses on the development and characterization of a novel hybrid MEMS resonator that combines a monolayer of graphene with conventional silicon microstructures. The aim is to exploit the synergistic advantages of graphene’s low mass density and high Young’s modulus with the well-established fabrication and integration benefits of silicon. This hybrid platform is designed to enhance the performance of MEMS resonators in terms of frequency stability, sensitivity, and functional tunability. A central objective of this work is to systematically characterize the mechanical and electromechanical behavior of the hybrid resonator across a range of operating conditions. Key parameters such as resonance frequency, quality factor will be measured and analyzed. Ultimately, this research aims to push the boundaries of MEMS performance.
Faculty supervisor:  FredericNabki
Faculty Province: Québec
Faculty University: École de Technologie Supérieure
Faculty Campus: Montréal
Project Location: Montreal, Québec
Language: Either English or French
Preferred start date: 2027-05-03 (yyyy-mm-dd)
View Detail
Apply"
51543,Design and characterization of an Integrated circuit test setup,"Project ID 51543
Design and characterization of an Integrated circuit test setup
Temperature has an effect on the performance of all electronics systems. This effect of temperature on the performance of integrated circuits is usually simulated but rarely experimentaly measured and reported. Accordingly this project aims to devellop a thermally stable environnent in which the temperature can be precisely controlled in order to quantify the impact of the temperature on the performance of integrated circuits The project will be conducted using commercial of the shelf electronics components. The deliverable of this project include the following items: A thermally stable environment in which to test integrated circuit. A computer control of that environment. A report an user manual for the system.
Faculty supervisor:  RichardAl Hadi
Faculty Province: Québec
Faculty University: École de Technologie Supérieure
Faculty Campus: Montréal
Project Location: Montreal, Québec
Language: Either English or French
Preferred start date: 2027-05-03 (yyyy-mm-dd)
View Detail
Apply"
51544,Design and characterization of RF integrated circuits,"Project ID 51544
Design and characterization of RF integrated circuits
This project aims to design and characterize RF integrated circuits for quantum computing applications. Quantum computing is an emerging discipline that utilizes the principles of quantum mechanics to perform complex calculations at a scale and speed far surpassing classical computing. RF integrated circuits play a crucial role in the practical realization of quantum computing systems by facilitating the manipulation, transmission, and measurement of quantum signals. RF Circuit Design: The project focuses on designing RF integrated circuits specifically tailored to the needs of quantum computing applications. This includes the design of circuits such as passive circuits, RF amplifiers, modulators, envelope detectors, and filters, which enable the processing and manipulation of quantum signals at radio frequencies.
Faculty supervisor:  RichardAl Hadi
Faculty Province: Québec
Faculty University: École de Technologie Supérieure
Faculty Campus: Montréal
Project Location: Montreal, Québec
Language: Either English or French
Preferred start date: 2027-05-03 (yyyy-mm-dd)
View Detail
Apply"
51700,Experimental Building Aerodynamics using a Novel Multi-Fan Wind Tunnel,"Project ID 51700
Experimental Building Aerodynamics using a Novel Multi-Fan Wind Tunnel
This project focuses on the hands-on experimental study of wind effects on structures using a newly developed multi-fan wind tunnel. Understanding wind loads and flow patterns around buildings is critical for safe structural design, urban planning, and ensuring pedestrian comfort. Multi-fan wind tunnels offer advanced capabilities to simulate complex, spatially varying wind conditions that better represent real-world atmospheric flows compared to traditional single-fan tunnels. Students involved in this project will play a key role in the initial characterization and application of this new facility. The project involves two main phases: Wind Tunnel Characterization: Conducting a series of systematic tests and measurements to map the flow field generated by the multi-fan array. This includes assessing flow uniformity, turbulence characteristics, and the capability to generate specific wind profiles (e.g., atmospheric boundary layers) through controlled operation of the multiple fans. Building Aerodynamics Testing: Utilizing the characterized wind tunnel to investigate the aerodynamic effects on scaled models of buildings or building clusters. Students will participate in designing the experiments, preparing the models, instrumenting them (e.g., with pressure taps or force balances), running tests under various simulated wind conditions, and potentially employing flow visualization techniques.
Faculty supervisor:  RedaSnaiki
Faculty Province: Québec
Faculty University: École de Technologie Supérieure
Faculty Campus: Montréal
Project Location: Montreal, Québec
Language: English
Preferred start date: 2027-05-10 (yyyy-mm-dd)
View Detail
Apply"
51702,Graph-RAG for Disaster Management and Emergency Intervention During Extreme Wind Events,"Project ID 51702
Graph-RAG for Disaster Management and Emergency Intervention During Extreme Wind Events
Extreme wind events such as hurricanes and tornadoes can cause severe damage to buildings, critical infrastructure, transportation networks, and urban vegetation, while also disrupting emergency response operations. Effective disaster management during such events requires rapid access to reliable, multi-source information, including hazard forecasts, infrastructure data, historical damage records, emergency protocols, and real-time field observations. However, these data are often fragmented across heterogeneous formats and sources, which limits their direct use for decision support. This project aims to develop an intelligent Graph Retrieval-Augmented Generation (Graph-RAG) framework for disaster management and intervention during extreme wind events. The proposed system will integrate structured and unstructured data into a graph-based knowledge representation capturing relationships among hazards, exposed assets, vulnerabilities, damage mechanisms, and intervention strategies. On top of this graph, a retrieval-augmented generation pipeline will be designed to support advanced querying, reasoning, and context-aware decision assistance. The framework will be applied to wind-related disaster scenarios involving hurricanes and tornadoes. Example use cases include identifying vulnerable infrastructure and urban elements, tracing likely cascading impacts such as road blockage or power interruption, retrieving relevant emergency procedures, and generating intervention recommendations for response and recovery planning. The project will combine concepts from natural language processing, knowledge graphs, machine learning, and disaster risk analysis. The expected outcome is a prototype decision-support tool that improves situational awareness and facilitates more informed and timely intervention during extreme wind events.
Faculty supervisor:  RedaSnaiki
Faculty Province: Québec
Faculty University: École de Technologie Supérieure
Faculty Campus: Montréal
Project Location: Montreal, Québec
Language: English
Preferred start date: 2027-05-10 (yyyy-mm-dd)
View Detail
Apply"
51703,Reinforcement Learning for Adaptive Disaster Mitigation and Climate Resilience,"Project ID 51703
Reinforcement Learning for Adaptive Disaster Mitigation and Climate Resilience
Natural hazards such as extreme wind events, extreme heat, flooding, and other climate-related hazards can cause major disruptions to buildings, infrastructure systems, public services, and community wellbeing. Effective disaster mitigation requires adaptive decision-making under uncertainty, particularly when emergency managers and stakeholders must allocate limited resources, prioritize actions, and respond to evolving conditions in real time. This project aims to develop an advanced reinforcement learning (RL) framework for disaster mitigation and resilient intervention under multi-hazard conditions. The objective is to investigate how RL-based agents can learn efficient strategies for reducing risk, limiting cascading impacts, and improving the resilience of exposed systems before, during, and after hazardous events. The framework will be designed to support sequential decision-making problems such as resource allocation, infrastructure protection, evacuation support, intervention prioritization, and recovery planning. The project will consider applications to different hazard types, with representative case studies such as extreme wind events affecting infrastructure and extreme heat events affecting urban systems and vulnerable populations. Depending on the research scope, the study may explore deep reinforcement learning, multi-agent reinforcement learning, or constrained reinforcement learning approaches. The expected outcome is a computational decision-support framework capable of identifying adaptive mitigation strategies that enhance resilience, reduce losses, and support more effective disaster management across a range of hazard scenarios.
Faculty supervisor:  RedaSnaiki
Faculty Province: Québec
Faculty University: École de Technologie Supérieure
Faculty Campus: Montréal
Project Location: Montreal, Québec
Language: English
Preferred start date: 2027-05-10 (yyyy-mm-dd)
View Detail
Apply"
51704,AI-Driven Rapid Simulation of Urban Wind Flow in Cities Using Graph Neural Networks,"Project ID 51704
AI-Driven Rapid Simulation of Urban Wind Flow in Cities Using Graph Neural Networks
Accurate prediction of urban wind flow is essential for many applications, including pedestrian wind comfort and safety, dispersion of pollutants, urban heat mitigation, and the wind-resilient design of buildings and infrastructure. However, high-fidelity computational fluid dynamics (CFD) simulations of wind flow in complex urban environments are often computationally expensive and may not be practical for rapid analysis, large-scale parametric studies, or real-time decision support. This project aims to develop an artificial intelligence framework for rapid simulation of urban wind flow in cities, with a particular focus on graph neural networks (GNNs) and related geometric deep learning approaches. The idea is to represent urban environments as graphs, where buildings, streets, and other spatial entities are encoded as interconnected nodes and edges, allowing the model to learn how urban morphology influences local wind patterns. By training on simulation or experimental datasets, the proposed AI model will predict key wind-flow quantities, such as local wind speed, flow direction, acceleration zones, or sheltered regions, at a fraction of the cost of conventional numerical simulations. The project will investigate how AI can serve as a fast surrogate model for urban wind analysis while preserving physically meaningful spatial relationships. Potential applications include rapid screening of city districts, sensitivity analyses for urban design, support for climate-adaptive planning, and enhanced assessment of wind-related risks in dense urban areas. The expected outcome is a computational framework that combines accuracy, efficiency, and scalability for next-generation urban wind modeling.
Faculty supervisor:  RedaSnaiki
Faculty Province: Québec
Faculty University: École de Technologie Supérieure
Faculty Campus: Montréal
Project Location: Montreal, Québec
Language: English
Preferred start date: 2027-05-10 (yyyy-mm-dd)
View Detail
Apply"
51716,High-Performance Asphalt: Building roads that last,"Project ID 51716
High-Performance Asphalt: Building roads that last
This research project investigates the critical relationship between bituminous binder properties and the long-term performance of High-Performance Asphalt Concrete (HPAC) within the demanding climatic context of Quebec. The first phase of the study focuses on the rheological characterization of binders commonly employed in Quebec. By analyzing these binders under a wide range of temperatures and loading frequencies, we aim to understand their fundamental behavior before they are integrated into complex mixtures. The second phase involves performance testing of the HPAC itself (the composite of binder and aggregates). These mixtures will be evaluated for: - Complex Modulus: To determine the structural stiffness across varying thermal conditions. - Fatigue Resistance: To assess the material’s ability to withstand repeated heavy traffic loading. - Thermal Cracking: To measure resistance to the brittle fracture caused by extreme nordic cold. By correlating binder rheology with mix performance, the research seeks to identify specific patterns and indicators that dictate how a binder’s chemical and physical signature influences the overall durability of the asphalt. Finally, the project adopts a mechanistic-empirical design approach to simulate real-world conditions. These laboratory-derived performance data will be integrated into pavement design software to assess whether these HPAC formulations provide sufficient service life under typical Quebec traffic volumes and environmental stressors. This comprehensive evaluation aims to optimize material selection and pavement design, ultimately reducing maintenance costs and improving the reliability of northern transportation networks. Your work will focus on binder characterisation and one of the mechanical tests on HPAC. You will work alongside MSc students working on this topic.
Faculty supervisor:  DiegoRamirez Cardona
Faculty Province: Québec
Faculty University: École de Technologie Supérieure
Faculty Campus: Montréal
Project Location: Montreal, Québec
Language: Either English or French
Preferred start date: 2027-05-03 (yyyy-mm-dd)
View Detail
Apply"
51721,Predicting Urban Heat Islands: A Machine Learning Approach,"Project ID 51721
Predicting Urban Heat Islands: A Machine Learning Approach
This project explores the application of machine learning techniques to predict and understand the complex phenomenon of Urban Heat Islands (UHIs). Students will develop predictive models using a combination of satellite-derived data (e.g., land surface temperature, vegetation indices, urban morphology), ground-based sensor data (e.g., air temperature, humidity, wind speed), and potentially other relevant data sources (e.g., meteorological data, traffic patterns). The project will investigate various machine learning algorithms, such as neural networks, to establish relationships between these data sources and UHI intensity. The goal is to create accurate and robust predictive models that can be used for urban planning, mitigation strategies, and real-time monitoring of UHI effects. This project involves data preprocessing, feature engineering, model training, validation, and potentially the development of visualization tools to represent UHI patterns and trends.
Faculty supervisor:  RedaSnaiki
Faculty Province: Québec
Faculty University: École de Technologie Supérieure
Faculty Campus: Montréal
Project Location: Montreal, Québec
Language: English
Preferred start date: 2027-05-10 (yyyy-mm-dd)
View Detail
Apply"
51734,Milling of Inconel 718 superalloy and its effect on fatigue life,"Project ID 51734
Milling of Inconel 718 superalloy and its effect on fatigue life
The aim of this project is to study the effect of milling process parameters on the surface integrity and fatigue life of Inconel 718 super-alloy used in the manufacturing of aircraft engine blades. In the first step, the student will analyse the surface integrity of the ground parts in terms of surface texture, residual stresses, micro-hardness and microstructure alterations. Secondly, fatigue tests under four point bending conditions will be performed in order to investigate the effect of selected surface integrity characteristics on the fatigue life of the ground parts.
Faculty supervisor:  PhilippeBocher
Faculty Province: Québec
Faculty University: École de Technologie Supérieure
Faculty Campus: Montréal
Project Location: Montreal, Québec
Language: Either English or French
Preferred start date: 2027-05-10 (yyyy-mm-dd)
View Detail
Apply"
51765,Additive manufacturing of conductive nanocomposites,"Project ID 51765
Additive manufacturing of conductive nanocomposites
The project aims to develop sensors based on conductive nanocomposites using additive manufacturing. The intern will perform material deposition while controlling processing parameters to optimize the formation of conductive networks. Microstructural analyses (e.g., microscopy, filler dispersion) will be conducted to link internal organization to final properties. Electrical conductivity measurements will be carried out to evaluate material performance as a function of processing conditions. Finally, a design component will focus on adapting sensor geometries to targeted applications.
Faculty supervisor:  NicoleDemarquette
Faculty Province: Québec
Faculty University: École de Technologie Supérieure
Faculty Campus: Montréal
Project Location: Montreal, Québec
Language: Either English or French
Preferred start date: 2027-06-01 (yyyy-mm-dd)
View Detail
Apply"
51766,Systems based on pullulan for drug delivery,"Project ID 51766
Systems based on pullulan for drug delivery
The student will actively contribute to the synthesis and modification of pullulan-based systems for drug delivery. They will be responsible for carrying out chemical functionalization, as well as performing characterization and drug release experiments. The student will analyze experimental data to link material structure to delivery performance. They will also contribute to the design and optimization of responsive systems and will prepare a final report summarizing their results
Faculty supervisor:  NicoleDemarquette
Faculty Province: Québec
Faculty University: École de Technologie Supérieure
Faculty Campus: Montréal
Project Location: Montreal, Québec
Language: Either English or French
Preferred start date: 2027-06-01 (yyyy-mm-dd)
View Detail
Apply"
51915,Modeling and analysis of hyperconnected logistics networks,"Project ID 51915
Modeling and analysis of hyperconnected logistics networks
The project will develop mathematical and simulation-based models to represent the structure and dynamics of hyperconnected logistics networks under uncertainty. The logistics network will be characterized in terms of typology, actor interdependence, and disruption sources. Discrete-event and/or agent-based simulation will be used to analyze how disruptions propagate and affect the network performance. Scenario analysis could also be used to evaluate resilience under diverse disruption types (natural or human-made).
Faculty supervisor:  JairoMontoya Torres
Faculty Province: Québec
Faculty University: École de Technologie Supérieure
Faculty Campus: Montréal
Project Location: Montréal, Québec
Language: Either English or French
Preferred start date: 2027-05-03 (yyyy-mm-dd)
View Detail
Apply"
51916,Multi-objective optimization of resilient of climatic resilient supply chains,"Project ID 51916
Multi-objective optimization of resilient of climatic resilient supply chains
This project focuses on developing an optimization framework (based on math modeling, heuristics and/or simulation) to balance efficiency and robustness in global logistics under the increasing threat of climate change. The student will design and implement a multi-objective optimization model aimed at minimizing operational costs while maximizing the ""resilience"" of the supply chain against extreme weather events and shifting environmental regulations. Math modeling, heuristic or hybrid simulation will be used to analyze trade-offs between operational scenarios to evaluate climate-induced disruptions.
Faculty supervisor:  JairoMontoya Torres
Faculty Province: Québec
Faculty University: École de Technologie Supérieure
Faculty Campus: Montréal
Project Location: Montréal, Québec
Language: Either English or French
Preferred start date: 2027-05-03 (yyyy-mm-dd)
View Detail
Apply"
51933,Multifunctional Functionally Graded Materials via Additive Manufacturing,"Project ID 51933
Multifunctional Functionally Graded Materials via Additive Manufacturing
The research project aims to investigate the influence of various additive manufacturing parameters and material design strategies on the microstructure and mechanical properties of fabricated components. Using additive manufacturing techniques, specifically laser powder bed fusion (LPBF), along with infiltration processes, the study seeks to develop a comprehensive understanding of these effects. The findings will provide valuable insights into the complex relationships between process parameters, microstructural evolution, and resulting material properties, contributing to improved control and optimization of advanced manufacturing processes.
Faculty supervisor:  AlenaKreitcberg
Faculty Province: Québec
Faculty University: École de Technologie Supérieure
Faculty Campus: Montréal
Project Location: Montreal, Québec
Language: Either English or French
Preferred start date: 2027-05-03 (yyyy-mm-dd)
View Detail
Apply"
51962,ThermalMesh-AI: A Physics-Informed Spatio-Temporal Graph Neural Network for Continuous Skin Temperature Field Reconstruction from Sparse Thermal Manikin Sensors,"Project ID 51962
ThermalMesh-AI: A Physics-Informed Spatio-Temporal Graph Neural Network for Continuous Skin Temperature Field Reconstruction from Sparse Thermal Manikin Sensors
Thermal manikins are widely used in thermal comfort research to simulate human heat exchange with the surrounding environment. However, their practical deployment is often limited by the sparsity of embedded discrete sensors, which typically cover only 15–20 discrete measurement points across the entire body surface. This sparse sampling is fundamentally insufficient to capture: • Spatial heterogeneity of skin temperature distribution across hundreds of anatomically distinct surface zones • Transient dynamics, such as sudden localized warming near a heat source or progressive cooling of extremities • Thermal asymmetry, such as the difference between the sun-exposed and shaded side of the body As a consequence, critical micro-scale thermal gradients that are known to influence human thermal perception are completely lost. Standard interpolation techniques (e.g., bilinear or kriging) are inadequate because they are purely mathematical and ignore the underlying physics of bioheat transfer — they do not account for skin vasodilation, metabolic heat generation, or convective heat exchange at the body surface. The Core Problem: How can one reconstruct a high-fidelity, physically consistent, and time-resolved continuous 3D skin temperature field from a handful of sparse sensor measurements on a thermal manikin? Research objectives are : - Design and validate a 3D graph-based mesh representation of the human body surface suitable for spatio-temporal ML inference - Develop a Physics-Informed Spatio-Temporal Graph Convolutional Network (PI-STGCN) that reconstructs the continuous skin temperature field from sparse sensor inputs - Incorporate the Pennes Bioheat Transfer Equation as a physics-based regularizer within the ML loss function to enforce thermodynamic consistency - Validate the reconstructed temperature field against high-resolution Infrared (IR) thermography ground truth under various dynamic thermal environments
Faculty supervisor:  AbdelatifMerabtine
Faculty Province: Québec
Faculty University: École de Technologie Supérieure
Faculty Campus: Montréal
Project Location: Montreal, Québec
Language: English
Preferred start date: 2027-05-03 (yyyy-mm-dd)
View Detail
Apply"
51963,SensaComfort-AI: A Hierarchical Transformer and Bayesian Deep Learning Framework for Local/Global Thermal Sensation and Comfort Prediction from Continuous Skin Temperature Fields,"Project ID 51963
SensaComfort-AI: A Hierarchical Transformer and Bayesian Deep Learning Framework for Local/Global Thermal Sensation and Comfort Prediction from Continuous Skin Temperature Fields
Predicting how a human feels in a given thermal environment is a fundamentally more complex problem than measuring physical temperatures. Thermal sensation and comfort are psychophysiological constructs shaped by: • The absolute temperature of individual body regions • The rate of change of temperature (dynamic sensation) • The spatial asymmetry across the body (e.g., cold feet with a warm torso) • Highly subjective, individual-specific physiological and psychological factors Classical predictive models such as Fanger's PMV rely on steady-state whole-body energy balance and fail under non-uniform and transient conditions. Even more advanced models like Zhang's sensation/comfort model rely on simplified zone-level skin temperatures and do not fully leverage the rich spatial and temporal texture of a continuous thermal field. The Core Problem: Given a high-resolution, time-varying 3D skin temperature field (as produced by Proposal 1), how can one accurately, and interpretably, predict: 1. Local Thermal Sensation per body segment 2. Global Body Thermal Sensation 3. Overall Body Thermal Comfort Research objectives are : - Develop a local thermal sensation prediction model that leverages region-specific spatio-temporal features extracted from the continuous temperature field - Design a global thermal sensation model that learns the non-linear, asymmetric aggregation of local sensations using attention mechanisms - Build a Bayesian Ordinal Regression model to predict overall body thermal comfort, including uncertainty quantification - Validate all three prediction layers against human subject subjective response data collected in controlled climatic chamber experiments - Benchmark the proposed hierarchical framework against state-of-the-art models (Fanger PMV, Zhang's model, standard ANNs)
Faculty supervisor:  AbdelatifMerabtine
Faculty Province: Québec
Faculty University: École de Technologie Supérieure
Faculty Campus: Montréal
Project Location: Montreal, Québec
Language: English
Preferred start date: 2027-05-03 (yyyy-mm-dd)
View Detail
Apply"
51964,BioTherm-SIM: A Physics-Informed Multi-Fidelity Machine Learning Surrogate for Thermal Simulation of Nature-Inspired Fractal Heat Exchangers,"Project ID 51964
BioTherm-SIM: A Physics-Informed Multi-Fidelity Machine Learning Surrogate for Thermal Simulation of Nature-Inspired Fractal Heat Exchangers
Heat exchangers are fundamental components for thermal energy management across a wide range of industrial sectors, including power generation, aerospace, automotive, and HVAC systems. Enhancing their heat transfer performance while minimizing pump energy consumption is a major driver of energy efficiency and sustainability. Even marginal improvements in heat exchanger performance can translate into substantial reductions in energy consumption and carbon emissions at industrial scale. Nature has, over millions of years of evolution, developed highly optimized transport networks for heat and mass transfer. Fractal geometry, widely observed in respiratory systems, vascular networks of plants and animals, and leaf-vein distributions, has been introduced into heat transfer research because of its intrinsic advantages of minimized flow resistance and enhanced heat transfer capability. Specific bio-inspired architectures of interest include: • Fractal tree-like networks mimicking vascular systems • Y-shaped bifurcating channels inspired by branching biological structures • Lung/alveolar-inspired geometries optimized for fluid distribution • Leaf-vein fractal microchannels with hierarchical bifurcation-confluence topology • TPMS (Triply Periodic Minimal Surface) lattice structures enabled by additive manufacturing Despite their enormous promise, bio-inspired fractal heat exchangers impose a severe computational burden. Full-resolution CFD simulations of such geometries are highly time-consuming and often computationally prohibitive, especially when hundreds or thousands of design evaluations are needed during parametric studies or optimization. This bottleneck severely limits the design exploration capability of traditional engineering workflows. Machine learning surrogate models, trained on combined experimental and CFD data, offer a transformative solution. A well-trained ML surrogate can predict the full thermo-hydraulic behavior of a bio-inspired heat exchanger in milliseconds, replacing hours of CFD computation, while remaining physically consistent through physics-informed training. This project focuses entirely on building, validating, and delivering such a surrogate, establishing the computational foundation for the optimization work. .
Faculty supervisor:  AbdelatifMerabtine
Faculty Province: Québec
Faculty University: École de Technologie Supérieure
Faculty Campus: Montréal
Project Location: Montreal, Québec
Language: English
Preferred start date: 2027-05-03 (yyyy-mm-dd)
View Detail
Apply"
51965,"BioTherm-OPT: Intelligent Multi-Objective Optimization of Nature-Inspired Fractal Heat Exchangers Using Bayesian, Evolutionary, and Reinforcement Learning Methods","Project ID 51965
BioTherm-OPT: Intelligent Multi-Objective Optimization of Nature-Inspired Fractal Heat Exchangers Using Bayesian, Evolutionary, and Reinforcement Learning Methods
Identifying the optimal bio-inspired heat exchanger design is a formidable challenge. The design space is vast, continuous, and high-dimensional: geometric parameters (branching angles, diameter ratios, fractal iteration levels, cross-sectional shapes) interact non-linearly with operating parameters (flow rate, inlet temperature, fluid properties) to determine thermal performance. Furthermore, the optimization problem is inherently multi-objective: maximizing heat transfer and minimizing pressure drop are fundamentally conflicting goals, and no single optimal design exists — instead, a Pareto frontier of trade-off solutions must be identified. Classical gradient-based optimization methods require differentiability and struggle with the highly non-linear, non-convex nature of the heat exchanger performance landscape. Population-based methods like basic genetic algorithms have been applied, but their direct coupling with CFD simulation is computationally prohibitive — each evaluation requires hours of simulation time, making thousands of evaluations infeasible. ML surrogate model replaces the CFD solver entirely, enabling each design evaluation to be performed in milliseconds rather than hours. This radical reduction in computational cost unlocks the use of sophisticated, sample-intensive optimization algorithms — Bayesian Optimization, multi-objective evolutionary algorithms, and Deep Reinforcement Learning — that would otherwise be completely impractical. This proposal focuses exclusively on leveraging this surrogate to find optimal bio-inspired heat exchanger designs and operating strategies.
Faculty supervisor:  AbdelatifMerabtine
Faculty Province: Québec
Faculty University: École de Technologie Supérieure
Faculty Campus: Montréal
Project Location: Montreal, Québec
Language: English
Preferred start date: 2027-05-03 (yyyy-mm-dd)
View Detail
Apply"
51999,Seamless reality-virtuality integration in augmented reality,"Project ID 51999
Seamless reality-virtuality integration in augmented reality
The goal of the project is to study rendering methods in augmented reality that allow for the seamless integration of real and virtual image elements. This study will specifically address two simple visualization challenge cases: 1) How to make a real cavity disappear in a real wall and 2) How to create a virtual cavity in a real wall without a cavity. An experimental wall will be built in the laboratory to carry out this experiment. The project will aim to identify 3D rendering and real-time image processing algorithms that maximize the realism of the visualization for both use cases.
Faculty supervisor:  SimonDrouin
Faculty Province: Québec
Faculty University: École de Technologie Supérieure
Faculty Campus: Montréal
Project Location: Montreal, Québec
Language: Either English or French
Preferred start date: 2027-05-03 (yyyy-mm-dd)
View Detail
Apply"
52000,Investigating accuracy and interaction potential of ARUCO markers in virtual reality,"Project ID 52000
Investigating accuracy and interaction potential of ARUCO markers in virtual reality
The goal of the project is to investigate the use of ARUCO markers in conjonction with augmented reality (AR) head-mounted displays (HMD). ARUCO markers are black and white patterns that can easily be printed on paper. Their 3D pose can be tracked using an existing computer vision library. Recent models of virtual reality HMDs (e.g. Meta Quest 3) enable AR by displaying the image captured from external cameras. This video field can also be used to track ARUCO markers. The goal of the project is to implement such tracking for an AR HMD and investigate the use and accuracy of the tracking in a simple AR application.
Faculty supervisor:  SimonDrouin
Faculty Province: Québec
Faculty University: École de Technologie Supérieure
Faculty Campus: Montréal
Project Location: Montreal, Québec
Language: Either English or French
Preferred start date: 2027-05-03 (yyyy-mm-dd)
View Detail
Apply"
52113,Multi-Material Gradient Printing: Continuous Composition Transitions Using FullControlXYZ,"Project ID 52113
Multi-Material Gradient Printing: Continuous Composition Transitions Using FullControlXYZ
This project pioneers continuous multi-material gradient printing, moving beyond traditional discrete material transitions to enable smooth property variations within a single 3D printed object. Inspired by natural materials like bone and wood, which exhibit gradual compositional changes, this research uses FullControlXYZ - an open-source G-code generation framework - to precisely control dual-extrusion mixing ratios at unprecedented resolution. The student will develop Python scripts using FullControlXYZ to generate G-code with continuous material transitions between two polymers (e.g., rigid PLA to flexible TPU, or conductive to insulating filaments). Using a dual-extrusion 3D printer (Bambu Lab P1S or similar), they will fabricate gradient specimens with spatially-varying mechanical, thermal, or electrical properties. The student will then characterize these gradients through systematic testing: flexural strength measurements along the gradient axis, thermal conductivity profiling, or electrical resistance mapping, depending on material selection. This research addresses a critical limitation in current multi-material 3D printing, where materials are typically deposited in discrete blocks rather than smoothly blended. By enabling continuous gradients, this work opens new design possibilities for soft robotics (stiff-to-flexile transitions), functional prototypes (graded thermal management), and biomimetic structures (nature-inspired property distributions). The project combines software development (FullControlXYZ scripting), advanced manufacturing (dual-extrusion printing), and materials characterization (mechanical/physical testing). Expected outcomes include validated gradient printing protocols, quantitative property-gradient relationships, and design guidelines for functional gradient materials. Results have potential for conference publication and open-source software contribution to the FullControlXYZ community.
Faculty supervisor:  IlyassTabiai
Faculty Province: Québec
Faculty University: École de Technologie Supérieure
Faculty Campus: Montréal
Project Location: Montréal, Québec
Language: Either English or French
Preferred start date: 2027-05-03 (yyyy-mm-dd)
View Detail
Apply"
52114,Impact-Resistant CFRTP Drone Frames: Compression Molding & Drop-Weight Testing,"Project ID 52114
Impact-Resistant CFRTP Drone Frames: Compression Molding & Drop-Weight Testing
This project addresses a critical gap in commercial drone technology: the lack of carbon fiber reinforced thermoplastic (CFRTP) frames despite research showing 2-3x higher impact energy absorption compared to traditional thermoset composites. While 95%+ of commercial drone frames use thermoset carbon fiber/epoxy, CFRTP offers superior crash resistance, recyclability, and manufacturing simplicity without autoclave requirements. The student will develop a compression molding process for CFRTP drone frame components using readily available carbon fiber/PPS or carbon fiber/PEEK prepregs. Working with ÉTS's impact testing tower (drop-weight apparatus following ASTM D7136 standards), they will fabricate and test multiple frame variants with different fiber orientations, stacking sequences, and thicknesses. The student will systematically characterize impact performance: damage morphology (ultrasonic C-scan, visual inspection), energy absorption metrics, and residual strength after impact events. This research bridges academic composite science with practical aerospace manufacturing. By comparing CFRTP against thermoset baselines, the student will quantify performance advantages and develop manufacturing guidelines for impact-resistant drone frames. The project combines hands-on composite fabrication (compression molding, tool design), advanced testing (impact tower, non-destructive evaluation), and data analysis (energy absorption calculations, failure mode classification). Expected outcomes include validated CFRTP manufacturing protocols, impact performance database (20-30 specimens), comparative analysis with thermoset composites, and design guidelines for crash-resistant drone frames. Results have potential for conference publication (SAMPE, RAPID) and industry adoption by drone manufacturers seeking improved safety and sustainability.
Faculty supervisor:  IlyassTabiai
Faculty Province: Québec
Faculty University: École de Technologie Supérieure
Faculty Campus: Montréal
Project Location: Montréal, Québec
Language: Either English or French
Preferred start date: 2027-05-03 (yyyy-mm-dd)
View Detail
Apply"
52125,Titre du projet Bio-Inspired Smart Self-Healing Coatings with Integrated Early Corrosion Detection for Durable Metallic Infrastructure,"Project ID 52125
Titre du projet Bio-Inspired Smart Self-Healing Coatings with Integrated Early Corrosion Detection for Durable Metallic Infrastructure
Corrosion of metallic structures remains one of the most critical challenges in infrastructure systems, including power transmission lines, marine structures, and transportation components. Current protective coatings primarily act as passive barriers and often fail when mechanical damage occurs, leading to localized corrosion and costly maintenance. Furthermore, corrosion detection is typically performed after significant degradation has already taken place, limiting the effectiveness of preventive strategies.Recent advances in smart coatings have introduced self-healing and sensing functionalities; however, these features are often developed independently and lack effective integration within a single coating system. Moreover, many existing systems suffer from limited durability, uncontrolled release of healing agents, or insufficient sensitivity for early-stage corrosion detection. Inspired by biological systems, where damage detection and repair occur simultaneously and autonomously, this project proposes the development of a multifunctional bio-inspired coating capable of both self-healing and early corrosion detection. The concept mimics natural vascular networks and responsive tissues, enabling controlled release of healing agents upon damage and real-time indication of corrosion initiation. The proposed coating system will be based on a tailored polymer matrix (e.g., polyurethane or silicone-based systems) incorporating engineered nano/micro-reservoirs containing corrosion inhibitors and responsive sensing agents. Upon mechanical damage or environmental triggers (e.g., pH change, ionic activity), the system will activate localized healing while simultaneously generating a detectable signal (e.g., colorimetric or electrochemical response) indicating the onset of corrosion. This integrated approach is expected to significantly enhance the lifetime and reliability of coated systems, reduce maintenance costs, and provide a proactive corrosion management strategy. The outcomes of this research are particularly relevant to Canadian infrastructure exposed to extreme environmental conditions
Faculty supervisor:  gelarehmomen
Faculty Province: Québec
Faculty University: École de Technologie Supérieure
Faculty Campus: Montréal
Project Location: Montreal, Québec
Language: English
Preferred start date: 2027-05-03 (yyyy-mm-dd)
View Detail
Apply"
52130,Design and Development of Multifunctional Anti-Icing Coatings with EMI Shielding Properties for Unmanned Vehicle Systems (UVS),"Project ID 52130
Design and Development of Multifunctional Anti-Icing Coatings with EMI Shielding Properties for Unmanned Vehicle Systems (UVS)
The rapid proliferation of Unmanned Aerial Vehicles (UAVs) has transformed critical sectors, shifting essential missions in healthcare (emergency medical transport), logistics (last-mile delivery), national security, and precision mapping into the hands of autonomous systems. However, a major bottleneck remains: operational reliability is strictly tethered to fair weather conditions. Currently, UAVs are largely incapable of performing missions in cold, snowy, or freezing environments. Ice accretion on the airframe significantly alters aerodynamics and adds weight, often leading to catastrophic failure or the immediate grounding of the fleet in harsh climates. In addition to weather-related challenges, electromagnetic interference (EMI) serves as a hidden but lethal threat to these missions. As drones become more integrated into urban and industrial infrastructures, protecting their sensitive communication, navigation, and radar systems from electronic noise and interference is vital for safety and mission integrity. This research project proposes a synergistic solution by designing a multifunctional, high-performance anti-icing coating with integrated EMI shielding capabilities. Unlike active de-icing systems (such as thermal or mechanical systems) which are energy-intensive and heavy, these advanced functional coatings provide a passive, lightweight, and ""zero-energy"" alternative. By reducing the reliance on the drone's battery for ice protection and maintaining a minimal weight profile, this technology ensures that UAVs can operate safely in harsh environments while protecting their internal electronic systems from external interferences. This dual-functional approach is key to achieving truly resilient, all-weather autonomous flight.
Faculty supervisor:  gelarehmomen
Faculty Province: Québec
Faculty University: École de Technologie Supérieure
Faculty Campus: Montréal
Project Location: Montreal, Québec
Language: English
Preferred start date: 2027-05-03 (yyyy-mm-dd)
View Detail
Apply"
52131,Dual-Functional Smart Coatings for Autonomous Healing and Ice Mitigation,"Project ID 52131
Dual-Functional Smart Coatings for Autonomous Healing and Ice Mitigation
In cold environments where temperatures drop below 5 °C and humidity exceeds 50%, ice can easily form on exposed surfaces, creating mechanical stress and damaging many infrastructures. Cost-effective and eco-friendly ice-phobic coatings are one of the best ways to protect surfaces from ice formation. However, commercially available coatings often lack the durability and mechanical strength needed for sustained. Moreover, the application of de-icing salts can cause the issue of metal corrosion. Corrosion is a major challenge affecting industrial metal infrastructures, particularly in environments exposed to harsh weather conditions. Besides, corrosion occurs when metallic surfaces contact water, leading to reduced performance, safety risks, and higher maintenance costs. Self-healing coatings offer a promising solution by repairing microcracks and limiting the penetration of water and corrosive agents, enhancing long-term corrosion resistance. The detrimental effects of corrosion and ice accumulation on structures highlight the need for effective protective coatings. The current solutions often address these issues separately, resulting in suboptimal performance. This research presents a cohesive approach to improving the dependability of the metal surfaces by developing a self-healing multifunctional coating that concurrently tackles ice and aging issues exposed to harsh weather conditions and corrosive environments. The suggested coating method would use a unique hybrid polymer matrix, including polyurethane and silicone-based systems, that incorporates designed dynamic reversible bonds. Upon mechanical injury, such dynamic reversible bonds may be triggered by environmental stimuli (e.g., light, heat, pH), resulting in localized repair. Subsequently, nano/micro-reservoirs will be used as carriers for anti-icing compounds, allowing a controlled release of these agents to enhance the anti-icing capabilities of the hybrid coating.
Faculty supervisor:  gelarehmomen
Faculty Province: Québec
Faculty University: École de Technologie Supérieure
Faculty Campus: Montréal
Project Location: Montreal, Québec
Language: English
Preferred start date: 2027-05-03 (yyyy-mm-dd)
View Detail
Apply"
52134,Experimental Study of Magnetically Tunable Stiffness and Damping in Rubber-Based Structures,"Project ID 52134
Experimental Study of Magnetically Tunable Stiffness and Damping in Rubber-Based Structures
Magnetorheological (MR) materials are smart materials whose stiffness and damping properties can be varied through the application of an external electromagnetic field. These materials offer significant and promising advantages in various fields, including vibration control, transportation and aerospace engineering, and biomedical applications. However, the existing literature focuses predominantly on MR fluids. Solid MR elastomers also exist, but most studies are limited to simple lumped-mass configurations. Continuous MR structures (for example, plates, shells, and tubes) remain scarcely studied, particularly in the nonlinear regime (i.e., under large strains). Based on previous experience in this field, we propose to manufacture a thin-walled structure (such as a plate or a tube) made of MR elastomer by casting and curing the material in a 3D-printed mold under vacuum conditions. Subsequently, a suitable electromagnetic device will be designed and built to activate the MR material. Finally, the mechanical properties of the MR structure will be characterized through static and dynamic tests (e.g., static traction tests, hysteresis curve measurements, modal analysis, and nonlinear vibration analysis). If feasible, a numerical model of the structure, based for example on the finite element method, could also be developed.
Faculty supervisor:  GiovanniFerrari
Faculty Province: Québec
Faculty University: École de Technologie Supérieure
Faculty Campus: Montréal
Project Location: Montréal, Québec
Language: English
Preferred start date: 2027-05-24 (yyyy-mm-dd)
View Detail
Apply"
52167,Bioinspired Hybrid Surfaces Combining Femtosecond Laser Texturing and Low-Energy Coatings for aerospace application,"Project ID 52167
Bioinspired Hybrid Surfaces Combining Femtosecond Laser Texturing and Low-Energy Coatings for aerospace application
Active anti-icing technologies such as electrothermal heaters and chemical deicing fluids remain the industry standard, yet they impose significant energy penalties, add system complexity, and contribute to environmental burden without addressing aerodynamic losses. This disconnects between protection and performance motivates the search for integrated surface solutions capable of responding to both challenges simultaneously. Passive approaches based on superhydrophobic coatings or bioinspired laser-textured surfaces have individually demonstrated encouraging results. However, their development in isolation has exposed clear limitations. Coating-only systems tend to degrade under the mechanical abrasion, ultraviolet exposure, and repeated freeze–thaw cycling inherent to operational aerospace environments, while texture-only surfaces lack the surface chemistry required to fully suppress ice nucleation and adhesion. The result is a persistent gap between laboratory demonstrations and field-durable multifunctional performance on aerospace-grade substrates. Drawing inspiration from the microgeometry of sharkskin denticles, this project proposes the design and systematic evaluation of hybrid surfaces that couple femtosecond-laser-engraved sinusoidal biomimetic microstructures with functional anti-icing coatings. The laser defined topography targets aerodynamic drag reduction through near-wall flow control, while a conformal PDMS-based topcoat provides ice phobic functionality the two mechanisms designed to complement rather than compromise one another. This integrated strategy is expected to reduce dependence on active de-icing systems, lower energy consumption, and advance the development of safer and more sustainable aerospace surfaces in alignment with global net-zero aviation objectives.
Faculty supervisor:  gelarehmomen
Faculty Province: Québec
Faculty University: École de Technologie Supérieure
Faculty Campus: Montréal
Project Location: Montreal, Québec
Language: English
Preferred start date: 2027-05-03 (yyyy-mm-dd)
View Detail
Apply"
52328,2D numerical modeling of riverbank erosion / Modélisation numérique 2D de l’érosion de berges,"Project ID 52328
2D numerical modeling of riverbank erosion / Modélisation numérique 2D de l’érosion de berges
Fluid mechanics is omnipresent in the landscapes around us. From an early age, we become aware of the essential role of water and wind in supporting our food systems, transportation, and recreation. However, in the current context of climate change, the risks associated with natural flows—such as flooding, erosion, storms, and coastal inundation—are becoming increasingly significant and require a deeper understanding to mitigate their impacts. In this context, numerical modeling has become an essential tool for analyzing, predicting, and anticipating these complex phenomena. The objective of this project is to develop a two-dimensional numerical model to estimate the hydrodynamic forces acting on riverbanks. Preliminary work has already been carried out using the software TELEMAC. Further improvement and optimization of the model will ultimately enable the investigation of cumulative climate change impacts, particularly the increase in extreme discharge events and hydrological variability. More specifically, the project will focus on analyzing various hydrodynamic scenarios, including variations in discharge, water levels, and roughness conditions, in order to identify the key parameters controlling bank stability. Particular attention will be given to quantifying shear stresses and assessing their role in erosion processes. The 2D numerical results will be compared with experimental measurements obtained from laboratory setups and field data as part of a model validation framework. This work will contribute to a better understanding of erosion mechanisms and to the improvement of predictive tools used in river and coastal engineering.
Faculty supervisor:  Pham Van BangDamien
Faculty Province: Québec
Faculty University: École de Technologie Supérieure
Faculty Campus: Montréal
Project Location: Montréal, Québec
Language: Either English or French
Preferred start date: 2027-05-03 (yyyy-mm-dd)
View Detail
Apply"
52330,3D numerical modelling of scour erosion at foundation of hydraulic structures / Modélisation numérique 3D d’affouillement sur des ouvrages fondé sur un lit sédimentaire,"Project ID 52330
3D numerical modelling of scour erosion at foundation of hydraulic structures / Modélisation numérique 3D d’affouillement sur des ouvrages fondé sur un lit sédimentaire
Fluid mechanics is omnipresent in the landscapes around us. From an early age, we become aware of the benefits of water and wind for sustaining life, enabling transportation, and even providing recreation. At the same time, in the current climate context, we have become increasingly aware of the risks associated with excessive fluid velocities, including floods, erosion, hurricanes, and tsunamis, and of the need to better protect ourselves against them. Intuitively, we understand that reducing flow velocity can mitigate impacts, while increasing it can enhance efficiency. Moreover, because moving fluids symbolize the passage of time, their energy represents an inherently renewable resource. The objective of this project is to design, develop, and validate a three-dimensional numerical model of sediment transport processes—particularly bedload transport—in the vicinity of civil engineering structures such as bridges, offshore wind turbine foundations, and wave energy harvesting devices. Particular attention will be given to the fluid–structure interaction mechanisms responsible for the initiation and development of scour. The first phase of the study will focus on simplified cylindrical-type geometries (circular, oval, oblong, or prismatic sections) to analyze the conditions under which an initially non-erosive flow becomes erosive with respect to granular beds of varying densities and grain sizes. The second phase will investigate the morphology of erosion structures, particularly the formation and evolution of scour holes. The project will consider a reference profile and several flow configurations. Specific analyses will focus on the role of vortical structures in scour mechanisms near structures subjected to currents. The 3D numerical results will be compared with experimental data and findings reported in the scientific literature, with the objective of validating and improving predictive modeling tools.
Faculty supervisor:  Pham Van BangDamien
Faculty Province: Québec
Faculty University: École de Technologie Supérieure
Faculty Campus: Montréal
Project Location: Montréal, Québec
Language: Either English or French
Preferred start date: 2027-05-03 (yyyy-mm-dd)
View Detail
Apply"
52426,Efficient Visual Recognition,"Project ID 52426
Efficient Visual Recognition
This research project aims at improving the computational efficiency of computer vision techniques, with special focus on image and video recognition. Computer vision approaches based on deep learning techniques such as convolutional and recurrent neural networks have shown impressive results in the past year, sometimes even reaching human level performance. However, these approaches are very demanding in terms of computation. They require specialized hardware such as GPUS and still, their training can last several days and they cannot be executed real-time. Additionally, these deep learning techniques must be deployed on mobile phones and embedded devices. For instance the internet of things expects every device to be connected to the internet and to be intelligent. However, at the moment, due to hardware limitations, these embedded devices cannot really run intelligent algorithms. The other option of sending the data to the cloud it´s often not feasible, due to the need for low latency answers or privacy issues. In this project we aim at reducing the computational cost of convolutional neural networks. The main idea of the project is to use conditional computation. That is, instead of computing every-part of the network for every input data, our approach will build a set of networks or branches that will specialize to a specific recognition task and only some specific input will be evaluated by the specific network. This allows us to save computation and, at the same time, to produce more performing models because we can increase the capacity of the models without increasing their computational cost. For doing that we will use different techniques such as attention mechanism and reinforcement learning. The proposed method will be evaluated in terms of classification accuracy as well as computational cost. This approach can also be extended to a full tree of specialized recognition branches.
Faculty supervisor:  MarcoPedersoli
Faculty Province: Québec
Faculty University: École de Technologie Supérieure
Faculty Campus: Montréal
Project Location: Montréal, Québec
Language: English
Preferred start date: 2027-05-03 (yyyy-mm-dd)
View Detail
Apply"
52452,Integrated Circuits for timing applications,"Project ID 52452
Integrated Circuits for timing applications
Clock signals are the heartbeat of electronics. Every electronic device needs a clock, just as every human being needs a heart. Historically, these clock signals have always been produced using quartz oscillators. In this project, we propose to explore the use of micro-electro-mechanical systems (MEMS) resonators to create clock signals. Oscillators are an essential component of all devices, from the automotive industry to the space industry. The main objective of this project is to create a MEMS resonator evaluation platform capable of testing MEMS resonators with operating frequencies between 1MHz and 200MHz. If the frequency range is too wide, it can be reduced to between 10MHz and 100MHz. The entire evaluation platform should be built using off-the-shelf components and measuring instruments available at the ÉTS. The MEMS resonator evaluation platform should be able to provide the following information: MEMS resonator frequency. MEMS resonator frequency stability over time. MEMS resonator temperature stability. MEMS resonator phase noise. MEMS resonator jitter. Power consumption of the entire system. There are 4 deliverables for this project: A MEMS resonator conditioning system. A MEMS resonator temperature control system. A MEMS resonator performance measurement system. A report and user manual for the system.
Faculty supervisor:  FredericNabki
Faculty Province: Québec
Faculty University: École de Technologie Supérieure
Faculty Campus: Montréal
Project Location: Montreal, Québec
Language: Either English or French
Preferred start date: 2027-05-03 (yyyy-mm-dd)
View Detail
Apply"
52453,Ultra-wideband Wireless Integrated Circuits for Ultra-low Power Communications,"Project ID 52453
Ultra-wideband Wireless Integrated Circuits for Ultra-low Power Communications
This research focuses on the design of an ultra wideband (UWB) transceiver for use in an innovative wireless communication system for wireless sensors including active RFID tags, environmental sensors, positioning sensors, wireless headsets or smart phones. Given the small amount of energy available in the batteries of these devices and the importance of their autonomy, it is essential to minimize the energy consumption of wireless transceivers needed in these applications. In order to attain this goal, ultra-wideband technology has the potential to significantly reduce the energy consumption of transceivers in comparison to what is possible with traditional architectures. That said, the design of an ultra wideband transceiver that allows continuous operation while dissipating energy ten times lower than the state of the art is a challenge that requires a sound architecture. The ultimate objective is to get energy consumption so low that it will be possible to operate wireless devices much longer with small batteries or even just use energy harvesting devices such as photovoltaic cells to operate the wireless device without the need for batteries. The project goal is to develop innovative integrated circuits for use in a UWB transceiver architecture and design printed circuit boards for the testing of existing innovative circuits introduced by our group.
Faculty supervisor:  FredericNabki
Faculty Province: Québec
Faculty University: École de Technologie Supérieure
Faculty Campus: Montréal
Project Location: Montreal, Québec
Language: Either English or French
Preferred start date: 2027-05-03 (yyyy-mm-dd)
View Detail
Apply"
52454,Piezoelectric Micro Electro Mechanical ultrasound transducers: Impact of the anchoring,"Project ID 52454
Piezoelectric Micro Electro Mechanical ultrasound transducers: Impact of the anchoring
Ultrasound technology has been in use in many applications ranging from medical diagnosis to non-destructive testing. Ultrasound provides an excellent trade-off between system performance, cost and design complexity. However, most ultrasound transducers, devices that generate sound waves from electrical signals, are bulky and non-amenable to high degrees of integration precluding complex imaging arrays to be formed or compact use cases. This has limited the use of ultrasound to application where form factors are relatively large and where a limited number of interconnected transducers are needed. The goal of this research project is to investigate and implement novel micro-machined ultrasound transducers using micro-fabrication techniques and leveraging piezoelectric effects and electrostatic effects. We also wish to create a completely integrated ultrasound imaging system (footprint of a few cm-squared) that will be amenable to mobile electronics and ultra-low-cost applications. This will democratise further the use of ultrasound technology in a wide range of applications and enhance its applicability by enabling very dense ultrasound arrays. This system will require not only transducers but also circuitry (e.g., integrated circuits and printed circuit boards) to drive and process the signals stemming from arrays of these micro-machined transducers.
Faculty supervisor:  FredericNabki
Faculty Province: Québec
Faculty University: École de Technologie Supérieure
Faculty Campus: Montréal
Project Location: Montreal, Québec
Language: Either English or French
Preferred start date: 2027-05-03 (yyyy-mm-dd)
View Detail
Apply"
52645,Non linear MEMS and Circuits for Random Number Generation,"Project ID 52645
Non linear MEMS and Circuits for Random Number Generation
Microelectromechanical systems (MEMS) resonators have emerged as powerful platforms for exploiting nonlinear dynamical phenomena at the microscale, offering rich bifurcation behavior, high sensitivity to initial conditions, and low power consumption. Recent advancements in nonlinear circuit design have opened new possibilities for harnessing deterministic chaos and stochastic resonance through the tight coupling of mechanical and electrical degrees of freedom. Among these approaches, the deliberate engineering of geometric and material nonlinearities stands out due to its capacity to generate broadband, high-entropy signals directly from physical noise sources. This research project focuses on the development and characterization of a novel hybrid system that combines nonlinear MEMS resonators with dedicated analog and mixed-signal circuits for true random number generation (TRNG). The aim is to exploit the synergistic advantages of MEMS intrinsic nonlinearities, parametric amplification regimes, and noise-driven inter-well switching and integration benefits of CMOS-compatible circuitry. This hybrid platform is designed to enhance the performance of hardware random number generators in terms of entropy rate, unpredictability, and resilience against environmental bias. A central objective of this work is to systematically characterize the nonlinear electromechanical behavior of the hybrid resonator-circuit system across a range of operating conditions. Key parameters such as bifurcation thresholds, noise spectral density, inter-well transition rates, and statistical entropy metrics will be measured and analyzed. Ultimately, this research aims to push the boundaries of physically grounded randomness generation, establishing nonlinear MEMS as a viable and advantageous entropy source for cryptographic, scientific, and stochastic computing applications.
Faculty supervisor:  FredericNabki
Faculty Province: Québec
Faculty University: École de Technologie Supérieure
Faculty Campus: Montréal
Project Location: Montreal, Québec
Language: Either English or French
Preferred start date: 2027-05-03 (yyyy-mm-dd)
View Detail
Apply"
52779,Modular Electrical Power System (EPS) for small satellites,"Project ID 52779
Modular Electrical Power System (EPS) for small satellites
This project focuses on the design and development of a modular and reliable Electrical Power System (EPS) for small satellites, emphasizing rapid prototyping, system adaptability, and integration of diverse energy storage solutions. The EPS plays a central role in small satellite operations by managing the generation, storage, regulation, and distribution of electrical power across subsystems. Ensuring its reliability and efficiency is critical for mission success, particularly in autonomous or long-duration operations. The development process will emphasize rapid iteration, using simulation tools, prototyping platforms, and hardware-in-the-loop (HIL) testing to validate design decisions under realistic operating conditions. Ultimately, the goal is to produce a power system that supports autonomous decision-making, accommodates evolving mission needs, and accelerates the deployment of small satellite missions.
Faculty supervisor:  Jesus Gonzalez Llorente
Faculty Province: Québec
Faculty University: École de Technologie Supérieure
Faculty Campus: Montréal
Project Location: Montreal, Quebec, Québec
Language: English
Preferred start date: 2027-05-17 (yyyy-mm-dd)
View Detail
Apply"
52780,Design of a Low-Power Satellite Communication System Using LoRaWAN for IoT Applications,"Project ID 52780
Design of a Low-Power Satellite Communication System Using LoRaWAN for IoT Applications
This project focuses on the development of a low-power, long-range communication system for small satellites using the LoRaWAN protocol to enable global Internet of Things (IoT) connectivity. The objective is to design and implement a communication architecture that allows small satellites to operate as energy-efficient, autonomous data relays for distributed IoT sensor networks, particularly in remote or infrastructure-limited environments. A key aspect of this research is the adaptation of terrestrial LoRaWAN technologies to the constraints and dynamics of space, including challenges such as Doppler shift, time synchronization, and variable link conditions. Emphasis will be placed on optimizing power-efficient communication strategies that align with the energy constraints of small satellites, enabling persistent operation with minimal ground intervention. The project will also explore how LoRa-based communication systems can be integrated with onboard autonomy, allowing the satellite to make intelligent decisions about data prioritization, storage, and downlink scheduling. Students involved will gain experience in wireless communication systems, satellite networking, and embedded systems, as well as hands-on work with simulation environments and prototyping platforms such as software-defined radios (SDRs).
Faculty supervisor:  Jesus Gonzalez Llorente
Faculty Province: Québec
Faculty University: École de Technologie Supérieure
Faculty Campus: Montréal
Project Location: Montreal, Québec
Language: English
Preferred start date: 2027-05-17 (yyyy-mm-dd)
View Detail
Apply"
52781,Modular and Reusable Flight Software Architecture for machine learning on Small Satellites,"Project ID 52781
Modular and Reusable Flight Software Architecture for machine learning on Small Satellites
This research project aims to advance the development of autonomous small satellite systems by leveraging a reusable software framework to streamline the creation of flight software for space missions on low-power embedded processors. The focus is on integrating onboard artificial intelligence (AI) capabilities into the flight software architecture of small satellites, such as CubeSats, to enhance their autonomy, adaptability, and resilience in space environments. Traditionally, flight software development is a time-intensive process requiring mission-specific customization and extensive testing. By employing a modular and extensible software framework from NASA and ESA, this project will significantly reduce development time while ensuring reliability and standardization across missions. Interns will contribute to adapting and extending this framework to support AI-driven functionalities, including real-time data analysis, anomaly detection, decision-making, and fault tolerance onboard the spacecraft. The project provides an interdisciplinary learning experience at the intersection of aerospace engineering, embedded systems, and machine learning. Interns will gain hands-on experience with flight software development, AI integration techniques, and testing in simulated or hardware-in-the-loop environments, preparing them for careers in cutting-edge space technology development.
Faculty supervisor:  Jesus Gonzalez Llorente
Faculty Province: Québec
Faculty University: École de Technologie Supérieure
Faculty Campus: Montréal
Project Location: Montreal, Québec
Language: English
Preferred start date: 2027-05-17 (yyyy-mm-dd)
View Detail
Apply"
52784,Non linear MEMS and Circuits for neuromorphic signal processor for edge AI,"Project ID 52784
Non linear MEMS and Circuits for neuromorphic signal processor for edge AI
Microelectromechanical systems (MEMS) resonators have emerged as powerful platforms for exploiting nonlinear dynamical phenomena at the microscale, offering rich bifurcation behavior, spike-like transient responses, and intrinsic sensitivity to weak input signals. Recent advancements in nonlinear circuit design have opened new possibilities for emulating neural computation through the tight coupling of mechanical and electrical degrees of freedom. Among these approaches, the deliberate engineering of Duffing-type stiffness nonlinearities and parametric instabilities stands out due to its capacity to mimic the threshold-driven, integrate-and-fire dynamics characteristic of biological neurons. This research project focuses on the development and characterization of a hybrid system combining nonlinear MEMS resonators with analog neuromorphic circuits for edge AI signal processing. The aim is to exploit the synergistic advantages of MEMS intrinsic nonlinear dynamics — including bifurcation-based thresholding, stochastic resonance, and coupled oscillator synchronization — with low-power analog circuit architectures capable of performing inference directly at the sensor level. This hybrid platform targets key neuromorphic functionalities such as spike encoding, pattern recognition, and adaptive filtering without digital overhead. A central objective of this work is to systematically characterize the electromechanical behavior of the resonator-circuit system across varying drive conditions and coupling topologies. Key parameters such as bifurcation thresholds, spiking rates, inter-oscillator synchronization, and classification accuracy will be measured and analyzed. Ultimately, this research aims to establish nonlinear MEMS-circuit co-design as a viable hardware primitive for ultra-low-power neuromorphic processors deployable in resource-constrained edge AI environments.
Faculty supervisor:  FredericNabki
Faculty Province: Québec
Faculty University: École de Technologie Supérieure
Faculty Campus: Montréal
Project Location: Montreal, Québec
Language: Either English or French
Preferred start date: 2027-05-03 (yyyy-mm-dd)
View Detail
Apply"
52811,Extending an Open-Source IDE Extension for Real-Time TypeScript Code Modeling,"Project ID 52811
Extending an Open-Source IDE Extension for Real-Time TypeScript Code Modeling
Analyser la conception des logiciels orientés objet (Java, C#, C++, TypeScript, etc.) du point de vue de la réutilisation et de la stabilité à long terme. Proposition de stratégies empiriques permettant aux développeurs de produire un code plus facile à réutiliser à court et à long terme.
Faculty supervisor:  ChristopherFuhrman
Faculty Province: Québec
Faculty University: École de Technologie Supérieure
Faculty Campus: Montréal
Project Location: Montreal, Québec
Language: Either English or French
Preferred start date: 2027-05-03 (yyyy-mm-dd)
View Detail
Apply"
52814,Extending an open-source static analysis tool (parser) for TypeScript,"Project ID 52814
Extending an open-source static analysis tool (parser) for TypeScript
The intern will improve the features of an open-source static analysis tool (parser) for the TypeScript language. This tool is used in a chain of tools used for doing research involving data-mining of object-oriented (TypeScript, Java, Python) code for understanding the evolution of software projects on popular web frameworks such as Angular and React. The current version of the tool can be found at https://github.com/fuhrmanator/FamixTypeScriptImporter
Faculty supervisor:  ChristopherFuhrman
Faculty Province: Québec
Faculty University: École de Technologie Supérieure
Faculty Campus: Montréal
Project Location: Montreal, Québec
Language: Either English or French
Preferred start date: 2027-05-03 (yyyy-mm-dd)
View Detail
Apply"
52935,Augmented reality for cardiology,"Project ID 52935
Augmented reality for cardiology
The goal of this project is to design and develop artificial intelligence to navigate using an augmented reality system using Vision pro with Unity for cardiology.
Faculty supervisor:  LucDuong
Faculty Province: Québec
Faculty University: École de Technologie Supérieure
Faculty Campus: Montréal
Project Location: Montreal, Québec
Language: English
Preferred start date: 2027-05-03 (yyyy-mm-dd)
View Detail
Apply"
53086,Aerodynamics of drones in pixelated wind facilities (windshapers),"Project ID 53086
Aerodynamics of drones in pixelated wind facilities (windshapers)
In the last century, aeronautical wind tunnels were developed in order to support the development of the rapidly expanding aviation industry. These facilities were intended for aircraft, which fly in relatively calm atmospheric conditions, or are so large and heavy that they are largely insensitive to the scales of turbulence they may encounter in the atmosphere. However, such wind tunnels are inadequate for drones. Laminar, low-turbulence, stationary, and flat-profile winds are not representative of the atmospheric conditions encountered by small flying vehicles. Due to the lack of indoor testing methodologies, drone manufacturers have no choice but to fly their vehicles outdoors. However, this testing methodology has many drawbacks, including unreliable measurements, lack of reproducibility, reliance on daily weather forecasts, unknown and uncontrollable wind and weather conditions at the vehicle scale, short test times (limited by onboard batteries), as well as a large distance between the drone and the operator. Pixelated wind tunnels then became an essential instrument for the development and testing of drones. They are mobile and easily adjustable in size and shape. They allow laminar or turbulent wind, weak or fast, lateral or vertical. They can be used indoors and outdoors, and can be integrated into existing structures (climatic chambers, anechoic chambers). They are able to reproduce the real wind, and to integrate various weather conditions (rain, snow, freezing fog, hail, dust) due to their open structure. In particular, several facets will be explored: the generation of three-dimensional winds, authentically reproducing real winds, the production of icing conditions, both indoors and outdoors, and the testing of these drones in such conditions.
Faculty supervisor:  FlavioNoca
Faculty Province: Québec
Faculty University: École de Technologie Supérieure
Faculty Campus: Montréal
Project Location: Montréal, Québec
Language: Either English or French
Preferred start date: 2027-05-03 (yyyy-mm-dd)
View Detail
Apply"
53101,Transition associated noise,"Project ID 53101
Transition associated noise
A modular test rig for performance, wake, and acoustic measurements of drone propellers will be designed. Two reference propellers will be manufactured in aluminum alloy using CNC machining for a smooth finish. A nacelle will be designed, adapted from a freely available geometry. In addition to the main components, the test rig will include a load cell and traverse system for performance and wake measurements using multiple hot-wire anemometers (HWA). A fully automated acquisition system with a LabVIEW front end will be developed with support from ÉTS technical personnel. The exact blade position relative to the sensors will be tracked via a synchronization signal during recording. An acoustic arc will also be 3D printed to ensure consistent microphone placement. Performance, wake, and acoustic measurements will then be collected using the propeller test rig. A series of experiments with the two propellers will be conducted in ÉTS facilities. The research intern will collect data in hover conditions in the ICAR semi-anechoic room, with access to the microphone array and data acquisition systems from ICAR, as well as the HWA system, load cell, and traverse system from the TFT. Multiple rotational speeds will be tested for both propellers, with and without the nacelle. The resulting measurements will be analyzed and compiled into a database.
Faculty supervisor:  MarleneSanjose
Faculty Province: Québec
Faculty University: École de Technologie Supérieure
Faculty Campus: Montréal
Project Location: MONTREAL, Québec
Language: Either English or French
Preferred start date: 2027-05-03 (yyyy-mm-dd)
View Detail
Apply"
53102,Transition associated noise using simulation,"Project ID 53102
Transition associated noise using simulation
ETS owns a test bench designed to measure the performance, wake, and acoustic characteristics of drone propellers. As part of this internship, you will analyze the flow within the facility for one or more propeller geometries. An initial simulation phase based on average flow simulation will verify the performance and quality of the numerical model. Subsequently, high-fidelity numerical simulations will be performed for one or two geometries and for one or two propellers. The student will be required to assess convergence and collect the transient data necessary for noise analyses. A free-field and duct propagation model will be used to estimate far-field noise and compare the results with experimental databases.
Faculty supervisor:  MarleneSanjose
Faculty Province: Québec
Faculty University: École de Technologie Supérieure
Faculty Campus: Montréal
Project Location: MONTREAL, Québec
Language: Either English or French
Preferred start date: 2027-05-03 (yyyy-mm-dd)
View Detail
Apply"
53165,Mobile application assisting indoor navigation for people with visual impairments | L’application de téléphone cellulaire assistant la navigation intérieure pour les personnes malvoyantes,"Project ID 53165
Mobile application assisting indoor navigation for people with visual impairments | L’application de téléphone cellulaire assistant la navigation intérieure pour les personnes malvoyantes
The VMware Industrial Chair in Edge-AI at ÉTS Montréal aims to develop a next generation of smart technologies to improve the quality of life of Canadians, especially people with disabilities such as visual impairments. Indoor navigation presents a major challenge for people with visual impairments because traditional GPS navigation systems are not suitable for indoor environments. Mobile phone applications offer a promising solution for developing accurate and reliable navigation systems. The main goal of this project is to develop an application to help navigate indoor environments for these people, using IoT and artificial intelligence (AI). This application should be easy to use, reliable, and affordable. The specific objectives are: - Develop a mobile phone application that uses location beacons and sensors to track the position and orientation of visually impaired people. - Design efficient navigation algorithms that allow the user to navigate to specific destinations using voice or visual instructions. - Integrate artificial intelligence (AI) technologies to personalize the browsing experience based on user needs and preferences. - Evaluate the performance of the navigation system in different indoor environments and with various users. A team of students at ÉTS Montréal has designed a prototype of the system. The intern will improve the prototype by adding new AI and machine learning (ML) features, data collection protocols, and a smartphone GUI. The intern working on this project will receive documentation, materials, and training from a team of students and researchers. The intern will also collaborate with researchers at the School of Optometry (Université de Montréal).
Faculty supervisor:  Kim KhoaNguyen
Faculty Province: Québec
Faculty University: École de Technologie Supérieure
Faculty Campus: Montréal
Project Location: Montreal, Québec
Language: Either English or French
Preferred start date: 2027-05-03 (yyyy-mm-dd)
View Detail
Apply"
53166,Anomaly detection in financial transactions using machine learning | Détection des anomalies dans les transactions financières par l’appentissage automatique,"Project ID 53166
Anomaly detection in financial transactions using machine learning | Détection des anomalies dans les transactions financières par l’appentissage automatique
The VMware Industrial Chair in Edge-AI at ÉTS Montréal aims to develop a next-generation of intelligent technologies to improve the quality of life and security of Canadians, in which financial services are a key element. The financial sector is one of the most vulnerable sectors to fraudulent activities. Anomaly detection in financial transactions is a crucial task that aims to identify abnormal transactions, such as fraudulent transactions that may result in loss of revenue for financial institutions. Recently, machine learning (ML) has emerged as a promising solution for detecting fraudulent transactions in financial transactions, which allows processing large datasets to determine the likelihood of fraudulent transactions or actions. The main objective of this project, in collaboration with a financial institution, is to implement an efficient solution for the detection of anomalies in financial transactions. The specific objectives of the project are as follows: - Identify fraudulent transactions in financial transactions. - Improve the risk management capabilities of online payment platforms. - Avoid transaction losses. A team of students and researchers from ÉTS Montréal has developed basic methods for such a detection system. The intern will improve the prototype by adding new ML, data processing, and fusion methods, as well as applications in new real financial datasets. Interns working on this project will receive documentation, materials, training, and real-world data to learn and apply multiple ML methods and analysis of large volumes of real-world financial transactions. A team of students and researchers who have been working on this project for two years will be available to help the new interns.
Faculty supervisor:  Kim KhoaNguyen
Faculty Province: Québec
Faculty University: École de Technologie Supérieure
Faculty Campus: Montréal
Project Location: Montreal, Québec
Language: Either English or French
Preferred start date: 2027-05-03 (yyyy-mm-dd)
View Detail
Apply"
53258,Study of entanglement generation and quantum frequency conversion via nonlinear optical devices / Étude de la génération d'intrication quantique et de la conversion de fréquence quantique via des dispositifs optiques non linéaires,"Project ID 53258
Study of entanglement generation and quantum frequency conversion via nonlinear optical devices / Étude de la génération d'intrication quantique et de la conversion de fréquence quantique via des dispositifs optiques non linéaires
Quantum photonics offers a versatile platform for quantum communications. Photons possess numerous degrees of freedom, such as temporal and frequency modes, that can be used to encode and transmit information between two or more nodes of a network. Furthermore, photon generation and transmission is compatible with integrated architectures and standard optical fibres. A crucial phenomenon for quantum communications is entanglement, which enables information transmission between the nodes of the networks even in absence of a physical communication channel. as in quantum state teleportation. Despite these advantages, the use of entangled photons for quantum communications is hampered by fundamental and technological challenges, primarily related to losses and the relatively low emission rate of photon pairs. This project focuses on the study of nonlinear optical processes for entangled photon state generation in time, spectral and spatial domains, and quantum frequency conversion (up-conversion and down-conversion) techniques in waveguide-based devices. The goal is to explore and understand the physical and technical properties necessary to minimize photon losses and increase the generation rates. To this end, the project will comprise an intensive study of the physics of entangled photons, as well as of parameters like the quality factor, the frequency resonance, the bus-to-ring gap, the evanescent coupling towards optimizing two-photon generation via third-order nonlinear media (e.g., silicon-based waveguides and micro rings). At the same time, optical properties like birefringence, ordinary and extraordinary axes in second-order nonlinear crystals (e.g., lithium niobate) will be considered to utilize these devices as entanglement sources and/or for quantum frequency conversion. Beside optical properties and device technology, this project will pay attention to the physics of entangled photons themselves, for instance, by exploring entanglement in multiple degrees of freedom and how such entanglement can play a role in reducing optical losses and increasing the generation rates.
Faculty supervisor:  StefaniaSciara
Faculty Province: Québec
Faculty University: École de Technologie Supérieure
Faculty Campus: Montréal
Project Location: Montréal, Québec
Language: Either English or French
Preferred start date: 2027-05-10 (yyyy-mm-dd)
View Detail
Apply"
53323,Compilation de portes quantiques logiques,"Project ID 53323
Compilation de portes quantiques logiques
L'état d'un qubit logique encodé dans un code de correction d'erreur peut être corrigé si le qubit subit une erreur. Toutefois, pour déployer un algorithme quantique, il ne suffit pas de pouvoir protéger l'état logique, il faut aussi pouvoir le faire évoluer afin d'effectuer un calcul quantique. Il faut donc pouvoir appliquer des portes logiques sur le qubit logique et s'assurer que ces portes logiques ne font pas proliférer les erreurs. Les portes logiques qui n'augmentent pas les erreurs sont appelées portes transversales. Malheureusement, dans tout code de correction, les portes transversales ne forment pas un ensemble universel de portes (théorème de Eastin-Knill). Il faut donc un ingrédient supplémentaire. L'approche standard consiste à préparer des états ressources, dits magiques, qui sont utilisés pour téléporter des portes qui ne sont pas transversales dans le code, par exemple une porte T dans le code de Steane. J'aimerais tester une approche alternative en décrivant explicitement le circuit quantique physique correspondant à une porte T et en essayant de réduire au maximum sa profondeur. Le projet de recherche proposé consiste donc à : 1. Prise en main : se familiariser avec l'information quantique et plus spécifiquement avec la correction d'erreur quantique 2. Programmation : concevoir et programmer un compilateur - qui prend en entrée en circuit quantique profond formé de portes de Clifford et de portes T - retourne un circuit quantique équivalent plus compact 3. Exploration : utiliser ce compilateur afin de trouver des circuits compacts correspondant à une porte logique cible dans des codes de correction d'erreur quantique.
Faculty supervisor:  OlivierLandon-Cardinal
Faculty Province: Québec
Faculty University: École de Technologie Supérieure
Faculty Campus: Montréal
Project Location: Montréal, Québec
Language: French
Preferred start date: 2027-06-01 (yyyy-mm-dd)
View Detail
Apply"
53334,Mieux comprendre les préoccupations citoyennes face aux contaminants environnementaux : élaboration et validation d’un questionnaire,"Project ID 53334
Mieux comprendre les préoccupations citoyennes face aux contaminants environnementaux : élaboration et validation d’un questionnaire
Emerging environmental contaminants, such as per- and polyfluoroalkyl substances (PFAS) and endocrine-disrupting chemicals (EDCs), have attracted increasing attention due to their persistence in the environment, widespread presence in consumer products, and potential impacts on human and environmental health. Although scientific knowledge regarding these contaminants continues to expand, public perceptions, concerns, and information needs remain poorly understood. This project aims to develop and validate a questionnaire designed to assess risk perceptions, concerns, and information needs related to emerging environmental contaminants. The project is grounded in environmental health and Ecohealth perspectives, recognizing that responses to environmental challenges depend not only on scientific evidence but also on the perceptions and concerns of affected populations. The project will include a review of the scientific literature to identify key determinants of environmental risk perception and existing measurement tools. A questionnaire will then be developed and subjected to several methodological validation steps to ensure its scientific rigor. The resulting instrument may be used in future research on environmental contaminants and contribute to improving risk communication, knowledge mobilization, and evidence-informed decision-making in environmental health.
Faculty supervisor:  MarcFraser
Faculty Province: Québec
Faculty University: École de Technologie Supérieure
Faculty Campus: Montréal
Project Location: Montreal, Québec
Language: Either English or French
Preferred start date: 2027-05-03 (yyyy-mm-dd)
View Detail
Apply"
53342,Développement d'un Agent IA Intelligent avec RAG Enrichi : De la Vectorisation à l'Intelligence Contextuelle,"Project ID 53342
Développement d'un Agent IA Intelligent avec RAG Enrichi : De la Vectorisation à l'Intelligence Contextuelle
Aujourd’hui, les IA génératives transforment les industries, mais elles ont besoin du RAG (Retrieval-Augmented Generation) pour être fiables et contextuelles. L'étudiant créera un agent IA qui « pense » comme un expert dans son domaine choisi, en récupérant des informations pertinentes dans une base de connaissances personnalisée. Ainsi, ce projet vise à : - comprendre les Generative AI (comme GPT ou Llama) et leurs limites (hallucinations, manque de contexte). - Maîtriser la construction d'un agent IA autonome via LangChain. - Apprendre la vectorisation d'embeddings, l'enrichissement RAG et l'ingénierie de prompts. - Appliquer ces concepts à un cas d'usage réel choisi par l’étudiant/les étudiants (ex. : assistant médical, chatbot e-commerce, analyseur de code, etc.) - Il est possible qu’à la fin on utilise un système multi-agents en se basant sur des frameworks tels que LangGraph ou LangCrew.
Faculty supervisor:  RamiLangar
Faculty Province: Québec
Faculty University: École de Technologie Supérieure
Faculty Campus: Montréal
Project Location: Montréal, Québec
Language: French
Preferred start date: 2027-06-01 (yyyy-mm-dd)
View Detail
Apply"
53346,Cartographier les iniquités environnementales : développement d'un indice socio-environnemental de vulnérabilité pour les municipalités,"Project ID 53346
Cartographier les iniquités environnementales : développement d'un indice socio-environnemental de vulnérabilité pour les municipalités
Environmental risks are not distributed equally across populations. Some communities experience a combination of social, economic, and environmental vulnerabilities that may increase their health risks. Despite growing interest in environmental inequities, few tools are available to easily identify municipalities where these vulnerabilities overlap and accumulate. This project aims to initiate the development of of a socio-environmental vulnerability index, a tool designed to identify municipalities that may be experiencing environmental inequities. Inspired by international approaches in environmental justice and public health, the index will integrate indicators derived from open-access datasets describing the socioeconomic, demographic, environmental, and health characteristics of communities. The project will involve identifying potential indicators, developing a conceptual framework, assessing data availability and quality, and producing a preliminary version of the index. An exploratory analysis will be conducted to demonstrate its application within a selected study area and to identify the strengths, limitations, and future development opportunities of the proposed approach. In the long term, the index could support research, environmental equity monitoring, and evidence-informed decision-making in public health and land-use planning. It would also help identify communities that may benefit from targeted interventions and prevention strategies adapted to their specific contexts.
Faculty supervisor:  MarcFraser
Faculty Province: Québec
Faculty University: École de Technologie Supérieure
Faculty Campus: Montréal
Project Location: Montreal, Québec
Language: Either English or French
Preferred start date: 2027-05-03 (yyyy-mm-dd)
View Detail
Apply"
53358,Modification of pullulan to enable click chemistry grafting with co-polymers,"Project ID 53358
Modification of pullulan to enable click chemistry grafting with co-polymers
Pullulan is a biopolymer produced by yeast fermentation of biowaste such as sugarcane residues. Similarly to cellulose, it is constituted entirely of glucose arranged as a maltotriose unit (it's monomer). However, it's physical and mechanical properties differ from cellulose (ex. pullulan is highly soluble in water, cellulose isn't) and it is generally recognized as safe by the FDA. With the rising concerns for the environmental impacts of polymers, it is critical that we develop renewable and sustainable polymers to replaced fossil-based ones. The goal of this research project is (1) to functionalize pullulan with propargyl (alkyne groups), (2) to synthesize smaller functional polymers of controlled lenghts bearing an terminal azide group via RAFT polymerization (ex.: pNVCL is thermosensitive and it's solubility profile is modulated by temperature), and (3) graft them together via Click Chemistry (copper mediated) to access a copolymer (core-shell architecture) that is tailored for applications such as controlled drug release. For example, pullulan as the core polymer has high solubility in water at body temperature. Therefore, loading a drug in a pullulan matrix would result in fast drug release. By adding a number of thermosensitive pNVCL chains on pullulan via Click-Chemistry, the resulting copolymer would have a lower solubility in water. Loading a drug in such a copolymer particle matrix would allow for controlled drug release, as below 37°C, the shell (pNVCL) of particles will interact favourably with solvent (water) and hydrosoluble drugs (swollen state), and above 37°C the pNVCL groups become hydrophobic and will expel water (shrunken state) and the drug. By modulating appropriately the chain lengths and the size of the loaded particles, we expect to be able to slow the release of the drug to improve it's pharmacokinetics profile.
Faculty supervisor:  MilanBergeron-Brlek
Faculty Province: Québec
Faculty University: École de Technologie Supérieure
Faculty Campus: Montréal
Project Location: Montreal, Québec
Language: Either English or French
Preferred start date: 2027-05-03 (yyyy-mm-dd)
View Detail
Apply"
53366,CFD prediction of airfoil performance degradation due to icing,"Project ID 53366
CFD prediction of airfoil performance degradation due to icing
Various codes are used for the CFD studies: ANSYS, SU2, GMSH, Paraview, Matlab as well as in house code. The numerical simulations are carried out using a supercomputer from Calcul Canada. The studies are carried out on various airfoil geometries, ranging from academic geometry to industrial geometry.
Faculty supervisor:  François Morency
Faculty Province: Québec
Faculty University: École de Technologie Supérieure
Faculty Campus: Montréal
Project Location: Montréal, Québec
Language: Either English or French
Preferred start date: 2027-05-17 (yyyy-mm-dd)
View Detail
Apply"
53369,CFD prediction of rotor performance degradation due to icing,"Project ID 53369
CFD prediction of rotor performance degradation due to icing
Various codes are used for the CFD studies: ANSYS, SU2, GMSH, Paraview, Matlab as well as in house code. The numerical simulations are carried out using a supercomputer. The studies are carried out on various geometries, such as academic rotor geometries.
Faculty supervisor:  François Morency
Faculty Province: Québec
Faculty University: École de Technologie Supérieure
Faculty Campus: Montréal
Project Location: Montréal, Québec
Language: Either English or French
Preferred start date: 2027-05-17 (yyyy-mm-dd)
View Detail
Apply"
53436,Agent IA Génératif pour une Sélection Adaptative de Modulation dans les Réseaux Hybrides Terrestres et Non-Terrestres,"Project ID 53436
Agent IA Génératif pour une Sélection Adaptative de Modulation dans les Réseaux Hybrides Terrestres et Non-Terrestres
Ce projet vise à développer un agent IA génératif capable d'analyser en temps réel la géométrie satellite-LEO (position latitude/longitude/altitude, angle d'élévation, vitesse relative, conditions de propagation) pour sélectionner automatiquement la modulation optimale (LR-FHSS DR8/DR9 vs LoRa SF7-SF12) minimisant le Packet Error Rate (PER) via analyse prédictive dans un réseau NTN (non terrestrial Network), LoRa-Satellite.
Faculty supervisor:  RamiLangar
Faculty Province: Québec
Faculty University: École de Technologie Supérieure
Faculty Campus: Montréal
Project Location: Montréal, Québec
Language: French
Preferred start date: 2027-06-01 (yyyy-mm-dd)
View Detail
Apply"
53437,Optimisation de la gestion de mobilité dans un réseau 5G/6G en utilisant des algorithmes de Machine Learning,"Project ID 53437
Optimisation de la gestion de mobilité dans un réseau 5G/6G en utilisant des algorithmes de Machine Learning
Les réseaux radio mobiles de nouvelle génération (5G/B5G/6G) sont confrontés à de nouveaux défis, notamment le traitement d'un volume de données considérable et des exigences élevées en matière de qualité de service et d'expérience utilisateur. Les réseaux SDN (Software Defined Network) et les techniques de virtualisation offrent une centralisation du traitement et une grande capacité de scalabilité, ce qui rend la gestion des données plus efficace et économique pour les opérateurs de réseaux IT. Ayant démontré leur efficacité dans le réseau coeur, la technologie SDN et les techniques de virtualisation sont également introduites dans le réseau d'accès radio (RAN) de la 6G. Cela permettrait d'améliorer les KPI (Key Performance Indicator) des réseaux des opérateurs tout en réduisant les indicateurs CAPEX et OPEX. Ce projet vise à implémenter un contrôleur SDN dans un réseau d'accès virtualisé (V-RAN) sur la plateforme OAI (OpenAir Interface) pour optimiser la gestion de la mobilité dans le réseau, en particulier les procédures de sélection de cellules et de Handover. En outre, le projet utilisera les données réelles d'un opérateur de télécommunications afin d'appliquer un algorithme de Machine Learning (ML) pour prédire de manière optimisée la gestion de la mobilité dans le réseau.
Faculty supervisor:  RamiLangar
Faculty Province: Québec
Faculty University: École de Technologie Supérieure
Faculty Campus: Montréal
Project Location: Montréal, Québec
Language: French
Preferred start date: 2027-06-01 (yyyy-mm-dd)
View Detail
Apply"
53533,3D Computer Graphics for Modeling and Generating 2D/3D Content with Applications in Visual Effects and Video Games,"Project ID 53533
3D Computer Graphics for Modeling and Generating 2D/3D Content with Applications in Visual Effects and Video Games
Research in 3D computer graphics, 3D objects acquisition and creation, as well as numerical geometry is ongoing in the Multimedia Lab at ÉTS. The topic of 3D modeling from images remains difficult. The project will investigate the use of generative methods, such as transformer-based diffusion models, to help in modeling 2D and 3D content such as textures and 3D objects. The project might also include the topic of 3D Gaussian splatting together with diffusion models toward modeling from images. The intern is expected to work on state-of-the-art approaches that generate and process 2D and 3D content. The intern will likely read state-of-the-art scientific papers and implement some of the algorithms found in these papers, with the help of the project team members. Equity, diversity, and inclusion (EDI) are values cherished by the research team. EDI is considered at every stage of the research process, including recruitment, and accommodations can be set in place to improve EDI. The intern will work in the Multimedia Lab of the École de technologie supérieure (ÉTS), Montreal, Canada. The intern could have access to a desk and a workstation with the required software for the internship. ÉTS is located in the heart of Montreal. It is easily accessible by public transportation and is walking distance to downtown Montreal.
Faculty supervisor:  EricPaquette
Faculty Province: Québec
Faculty University: École de Technologie Supérieure
Faculty Campus: Montréal
Project Location: Montreal, Québec
Language: Either English or French
Preferred start date: 2027-05-31 (yyyy-mm-dd)
View Detail
Apply"
53543,Optimisation de mélanges polypropylène/polyéthylène pour la production de polymériques recyclées expansées,"Project ID 53543
Optimisation de mélanges polypropylène/polyéthylène pour la production de polymériques recyclées expansées
Expanded polymer foams are widely used in everyday applications, including protective packaging, transportation, and lightweight industrial products. To reduce the environmental footprint of these materials, industry is increasingly seeking ways to incorporate recycled plastics into their production. The goal of this project is to develop new formulations based on recycled polypropylene (PP) and polyethylene (PE) for the manufacture of expanded polymer foams with improved performance. The main challenge is to determine which polymer combinations provide the best balance between ease of processing, dimensional stability, and mechanical properties. The student will prepare and characterize a range of polymer blends and use thermal analysis techniques, including differential scanning calorimetry (DSC), to better understand how these materials behave during processing. The results will help identify promising formulations and provide insight into how material composition influences foam performance. This project offers an excellent opportunity to gain hands-on experience in polymer science, recycled materials, and sustainable product development while working on an industry-related research challenge.
Faculty supervisor:  AnneliseJean-Fulcrand
Faculty Province: Québec
Faculty University: École de Technologie Supérieure
Faculty Campus: Montréal
Project Location: Montréal, Québec
Language: Either English or French
Preferred start date: 2027-05-03 (yyyy-mm-dd)
View Detail
Apply"
53552,Seismic Response of Anchored and Unanchored Nonstructural Components,"Project ID 53552
Seismic Response of Anchored and Unanchored Nonstructural Components
This project investigates the seismic response of nonstructural components (NSCs), such as equipment, storage systems, and building content, which are essential for building functionality but highly vulnerable during earthquakes. These components may experience nonlinear behaviors, including rocking, sliding, and uplift, particularly when they are partially anchored or unanchored. Such mechanisms can lead to significant damage, even when the primary structure remains intact. The objective of this project is to develop a simplified and accessible modeling framework to better understand these behaviors. The student will implement a numerical model representing NSCs as rigid blocks subjected to seismic excitation, using Python or MATLAB. The model will incorporate simplified assumptions, including rigid body motion and Coulomb friction to describe contact interactions. The project will focus on comparing anchored and unanchored configurations and studying the transition between these conditions. A parametric study will be conducted to evaluate the influence of key factors such as friction, geometry, and ground motion intensity on system stability and response. The methodology includes a literature review, model development, numerical simulations, and result interpretation using visualization tools. The outcomes will provide insight into the fundamental mechanisms governing NSC behavior and serve as a basis for further research. The project is part of a broader research initiative and upcoming PhD work on the seismic performance of nonstructural components.
Faculty supervisor:  RolaAssi
Faculty Province: Québec
Faculty University: École de Technologie Supérieure
Faculty Campus: Montréal
Project Location: MONTREAL, Québec
Language: Either English or French
Preferred start date: 2027-05-03 (yyyy-mm-dd)
View Detail
Apply"
53575,Amélioration de la productivité et de la qualité de l’air dans les entreprises d’usinage / Improving Productivity and Shop floor Air Quality for Machining industries,"Project ID 53575
Amélioration de la productivité et de la qualité de l’air dans les entreprises d’usinage / Improving Productivity and Shop floor Air Quality for Machining industries
Environmental requirements and occupational health and safety regulations are becoming more and more severe. At the same time industries must continue to produce quality parts at competitive prices. To do this, production strategies must be redesigned to become competitive and safe. As part of the proposed project, the intern will have to: • Design machining strategies and technological solutions to improve productivity, quality of parts and air quality; • Manufacture and test prototypes to prove the concepts selected and/or experimentally demonstrate the effects of the proposed strategies on the performance indicators of the machining process studied. • Produce a report
Faculty supervisor:  VictorSONGMENE
Faculty Province: Québec
Faculty University: École de Technologie Supérieure
Faculty Campus: Montréal
Project Location: Montreal, Québec
Language: Either English or French
Preferred start date: 2027-05-10 (yyyy-mm-dd)
View Detail
Apply"
53576,Prediction et optimisation des performances d'usinage dans le contexte d'industrie 4.0 et 5.0 / Predicting and Optimizing Machining process performance in the context of industry 4.0 and 5.0,"Project ID 53576
Prediction et optimisation des performances d'usinage dans le contexte d'industrie 4.0 et 5.0 / Predicting and Optimizing Machining process performance in the context of industry 4.0 and 5.0
The move to digitization (industry 4.0 and industry 5.0) is now seen as an excellent way of improving productivity, product quality manufacturing industry’s performance. Where do we stand today in the case of machining? What performance indicators are required? How can intelligent technologies be integrated to optimize machining? Which data should be selected for monitoring (machines, processes, tools) and optimizing machining? What are today’s challenges for automated optimization. Given the development of new cutting tools and materials, how can we constantly optimize machining conditions? This project is designed to answer these questions. It aims to: - Identify the critical parameters to be controlled in order to optimize the machining process; - Determine the critical parameters and the means to control them. - List tools for predicting machining process performance and identify current scientific and technological gaps. - For a given application, develop or apply standard laboratory tests to characterize the performance of machining processes (machines, tools and materials) with a view to classifying them. - Optimize the performance of the process studied. - Produce and present reports and initiate the writing of scientific articles using the results obtained from the tests.
Faculty supervisor:  VictorSONGMENE
Faculty Province: Québec
Faculty University: École de Technologie Supérieure
Faculty Campus: Montréal
Project Location: Montreal, Québec
Language: Either English or French
Preferred start date: 2027-05-10 (yyyy-mm-dd)
View Detail
Apply"
53636,"Computational Algebraic Combinatorics, AI-Assisted Discovery, and High-Performance Computing","Project ID 53636
Computational Algebraic Combinatorics, AI-Assisted Discovery, and High-Performance Computing
This project lies at the intersection of computational mathematics, combinatorics, discrete geometry, artificial intelligence, and high-performance computing. The student will contribute to the development of new mathematical software within the open-source SageMath ecosystem, one of the world's leading platforms for computational research in mathematics. The primary objective is to implement and optimize algorithms for *exterior shifting* and *symmetric shifting*, two powerful algebraic-combinatorial transformations that reveal hidden structural properties of graphs and simplicial complexes. These techniques play an important role in extremal combinatorics, topology, and discrete geometry, yet their large-scale computational exploration remains largely uncharted. Once implemented, the student will use these new tools to investigate extensive families of graphs and combinatorial structures, generating large datasets and searching for previously unknown patterns, conjectures, and invariants. The project offers a unique opportunity to combine rigorous mathematics with experimental exploration, allowing computational evidence to guide theoretical insight. A particularly innovative aspect of the project is the integration of modern AI agents into the mathematical discovery process. Students will explore how large language models and autonomous research agents can assist in identifying regularities, proposing conjectures, designing experiments, and interpreting computational results. This emerging paradigm represents a new frontier in mathematical research. To enable experiments at unprecedented scale, computations will be deployed on advanced supercomputing infrastructure. Students will gain hands-on experience with parallel computing, large-scale data analysis, workflow automation, and scientific software development in a research environment. The project is ideal for students interested in combinatorics, graph theory, discrete geometry, computational algebra, artificial intelligence, or scientific computing. Participants will develop highly transferable skills in programming, mathematical modeling, data-driven discovery, and high-performance computing while contributing to open-source tools that will benefit the international mathematical community.
Faculty supervisor:  Jean-PhilippeLabbé
Faculty Province: Québec
Faculty University: École de Technologie Supérieure
Faculty Campus: Montréal
Project Location: Montréal, Québec
Language: Either English or French
Preferred start date: 2027-05-17 (yyyy-mm-dd)
View Detail
Apply"
53737,Agentic AI-Human Collaboration in Software Development,"Project ID 53737
Agentic AI-Human Collaboration in Software Development
Agentic AI systems are rapidly transforming software development by autonomously performing tasks traditionally carried out by human developers. Modern AI agents can generate code, review pull requests, fix bugs, write tests, and assist with deployment activities. Despite these capabilities, important challenges remain regarding the interaction between human developers and AI agents. Developers must decide when to trust agent-generated outputs, how to supervise autonomous actions, and how to effectively collaborate with multiple AI agents during software development activities. This project aims to study and improve human-agent collaboration in software engineering. The student will investigate how developers interact with AI agents during coding, code review, debugging, and software maintenance tasks. Using empirical software engineering methods, the project will analyze developer-agent interactions, identify common collaboration challenges, and evaluate factors affecting productivity, trust, cognitive workload, and software quality. The project will involve collecting and analyzing data from software repositories, developer studies, and controlled experiments involving AI-assisted development tools. The student will also contribute to the design and evaluation of novel approaches that enhance transparency, explainability, and reliability of agentic AI systems. The outcomes of this project will provide valuable insights into the future of software development and contribute to the design of trustworthy and effective human-AI collaboration environments.
Faculty supervisor:  AliOuni
Faculty Province: Québec
Faculty University: École de Technologie Supérieure
Faculty Campus: Montréal
Project Location: Montréal, Québec
Language: Either English or French
Preferred start date: 2027-05-03 (yyyy-mm-dd)
View Detail
Apply"
53846,Innovative interfaces for vibration authoring,"Project ID 53846
Innovative interfaces for vibration authoring
Vibrotactile devices are increasingly capable of producing rich and complex vibration patterns. The Apple Watch, for example, can produce a variety of vibrotactile icons that indicate different events, such as alarms and notifications. Designers currently have few tools to create such vibrotactile effects. In this project, we will experiment with novel interfaces to create complex vibrotactile effects. We will experiment with different input technologies to control various parameters of a vibrotactile pattern, much like a musical instrument controls sounds. This could for example include using our voice (microphone), the movement of our body (kinect, leap motion, or other motion tracking), or our interactions with an object or instrument.
Faculty supervisor:  VincentLévesque
Faculty Province: Québec
Faculty University: École de Technologie Supérieure
Faculty Campus: Montréal
Project Location: Montreal, Québec
Language: Either English or French
Preferred start date: 2027-05-02 (yyyy-mm-dd)
View Detail
Apply"
53847,Visualizing haptic and tactile feedback,"Project ID 53847
Visualizing haptic and tactile feedback
Explaining the nature and meaning of haptic feedback using audio-visual media is often necessary but notoriously difficult. An online manual, for example, may need to explain the vibration patterns associated with different notifications on a smartwatch (e.g., “turn left” and “turn right” signals). Similarly, a television commercial may need to advertise the advanced vibration features of a new smartphone. As haptics researchers, we also face this challenge when trying to communicate haptic features in scientific publications such as conference papers and accompanying videos. Efficiently communicating haptic feedback in an audio-visual representation is a serious challenge that hasn’t been studied systematically to date. This project will explore how haptic feedback can be efficiently communicated in an audio-visual form. We will first survey how this challenge has been met in the past by looking at scientific papers, online tutorials, user manuals, advertisements and other audio-visual documents in which haptic features are communicated. We will then develop and experimentally evaluate different solutions to represent haptic features in audio-visual form. We will consider different types of haptic feedback, such as vibrations, forces, mid-air haptics (e.g., ultrahaptics.com), or surface haptics (e.g., tanvas.com). We will also consider different application domains, such as online tutorials and manuals, user interfaces (e.g., authoring tools for haptic feedback), advertising, or scientific publications. We will finally consider different means of display, such as a computer monitor, a mobile device, or an augmented reality display. The solutions that we envision will be prototyped and evaluated quantitatively and qualitatively with the intended users. This is an exciting new research direction for my research group. I’m hoping that this first foray into this topic will lead to a scientific publication and serve as the basis for a larger research program.
Faculty supervisor:  VincentLévesque
Faculty Province: Québec
Faculty University: École de Technologie Supérieure
Faculty Campus: Montréal
Project Location: Montreal, Québec
Language: Either English or French
Preferred start date: 2027-05-02 (yyyy-mm-dd)
View Detail
Apply"
53850,Routing of vibration feedback in 3D printed objects,"Project ID 53850
Routing of vibration feedback in 3D printed objects
Vibrotactile feedback is often used in human-computer interaction to communicate information using the vibrations of an object, such as the vibration of a smartphone when a message is received. In most cases, the entire object vibrates against the hand. In this project, we will experiment with the design of 3D printed structures that can accentuate or dampen vibrations in order to make vibrations felt only at specific locations on a 3D printed object. A smartphone-shaped object, for example, could be printed in such a way that the vibrations coming from a vibrotactile actuator are only felt at the location of virtual buttons on the side of the smartphone. The main goal of the project will be to identify 3d-printable structures (also known as metamaterials) that can control the transmission of vibrations in an object. Time-permitting, the project may also explore practical applications of the concept as well as the design of software tools to facilitate printing such objects.
Faculty supervisor:  VincentLévesque
Faculty Province: Québec
Faculty University: École de Technologie Supérieure
Faculty Campus: Montréal
Project Location: Montreal, Québec
Language: Either English or French
Preferred start date: 2027-05-02 (yyyy-mm-dd)
View Detail
Apply"
53852,Exploration of artistic applications of haptics,"Project ID 53852
Exploration of artistic applications of haptics
This project is part of an ongoing collaboration between me and a multidisciplinary artist that aims to explore artistic applications of haptic feedback. The project is an occasion for me to learn about how artists view haptics and what is needed for them to integrate it into their practice, and for an artist to learn about bleeding-edge haptic technologies and the science of haptic perception. Your role within this project will be to support this exploration , for example by creating haptic experiences, artworks, editing tools, haptic device prototypes, or making any other contribution to the project based on your own skills and interests.
Faculty supervisor:  VincentLévesque
Faculty Province: Québec
Faculty University: École de Technologie Supérieure
Faculty Campus: Montréal
Project Location: Montreal, Québec
Language: Either English or French
Preferred start date: 2027-05-02 (yyyy-mm-dd)
View Detail
Apply"
53869,Environmental Impact and Sustainable Design of Anchored Nonstructural Components under Seismic Loading,"Project ID 53869
Environmental Impact and Sustainable Design of Anchored Nonstructural Components under Seismic Loading
This project investigates the environmental impact of damage to anchored nonstructural components (NSCs), such as partitions, facades, ceilings, and mechanical systems, during earthquakes. Although these components do not contribute to structural resistance, they represent a major portion of building materials and are highly sensitive to seismic demands such as interstory drift and floor acceleration. Their damage often leads to repair or replacement, resulting in material waste and increased carbon emissions. The objective is to develop a simplified framework linking seismic demand to damage and environmental impact. The student will relate engineering demand parameters to damage states and then to environmental indicators such as material replacement and embodied carbon. The project will analyze how design choices influence both seismic performance and environmental footprint. It includes literature review, modeling, and analysis
Faculty supervisor:  RolaAssi
Faculty Province: Québec
Faculty University: École de Technologie Supérieure
Faculty Campus: Montréal
Project Location: MONTREAL, Québec
Language: Either English or French
Preferred start date: 2027-05-03 (yyyy-mm-dd)
View Detail
Apply"
53878,Adaptation des infrastructures de proximité aux vagues de chaleur / Adapting proximity infrastructure to heat waves,"Project ID 53878
Adaptation des infrastructures de proximité aux vagues de chaleur / Adapting proximity infrastructure to heat waves
This project is part of the AdapT-Conseil des Infrastructures Chair in Heat Wave Adaptation for Local Buildings, led by Professors K. D’Avignon and D. Derome. The Chair aims to contribute to the transformation of schools into resilient infrastructure that can serve as refuges during extreme heat. To this end, the Chair's objectives are to: • Numerically simulate the effect of a variety of cooling solutions with broad potential for deployment across Quebec schools, including: exterior awnings, vegetation, cladding materials, sunshades, natural ventilation, ceiling fans, and thermal mass. • Quantify the combined effect of these solutions and their evolution over time (e.g., tree growth) to determine their short- and medium-term impact. Evaluate the sustainability of the solutions. • Identify high-potential solutions for each type of school. • Develop guidelines for implementation (contractual, technical, etc.) which will be given to partners (designers and real estate portfolio managers) to accelerate knowledge transfer and equip decision-makers who wish to deploy solutions quickly.
Faculty supervisor:  KatherineD'Avignon
Faculty Province: Québec
Faculty University: École de Technologie Supérieure
Faculty Campus: Montréal
Project Location: Montréal, Québec
Language: Either English or French
Preferred start date: 2027-05-03 (yyyy-mm-dd)
View Detail
Apply"
53907,Potentiel du stockage d'énergie thermique pour la décarbonation des bâtiments/Potential of thermal energy storage for building decarbonization,"Project ID 53907
Potentiel du stockage d'énergie thermique pour la décarbonation des bâtiments/Potential of thermal energy storage for building decarbonization
To reduce greenhouse gas emissions, we must stop using fossil fuels to heat water and air in buildings. The OpSTS research project aims to study how thermal storage technologies can be used for this purpose. Specifically, we want to provide building managers with the necessary tools to determine which buildings should be equipped with thermal storage. We have access to a portfolio of buildings where thermal storage has been implemented in the past. The group's objective is to develop a simplified tool to predict the potential of storage solutions to reduce greenhouse gas emissions in future projects. To do this, we need to quantify the impact of storage on the energy profile of different buildings through numerical simulation. From these results, we will be able to identify the characteristics that enable the best performance. These simulations require the use of numerical models of various thermal storage devices.
Faculty supervisor:  KatherineD'Avignon
Faculty Province: Québec
Faculty University: École de Technologie Supérieure
Faculty Campus: Montréal
Project Location: Montréal, Québec
Language: Either English or French
Preferred start date: 2027-05-03 (yyyy-mm-dd)
View Detail
Apply"
53948,Multimodal Large Language Models for document understanding,"Project ID 53948
Multimodal Large Language Models for document understanding
This project aims to develop multimodal large language models (MLLMs) capable of understanding, interpreting, and reasoning over complex documents that combine text, images, tables, charts, and diagrams. Rather than training foundation models from scratch—which would require prohibitive amounts of data and computational resources—the project will focus on efficiently adapting and fine-tuning existing state-of-the-art MLLMs for document understanding tasks. Particular emphasis will be placed on parameter-efficient adaptation methods, reducing annotation requirements through self-supervised and weakly supervised learning, and improving model efficiency. Applications include scientific literature analysis, technical documentation, administrative and legal document processing, and intelligent information retrieval systems.
Faculty supervisor:  MarcoPedersoli
Faculty Province: Québec
Faculty University: École de Technologie Supérieure
Faculty Campus: Montréal
Project Location: Montreal, Québec
Language: English
Preferred start date: 2027-05-03 (yyyy-mm-dd)
View Detail
Apply"
53958,Emotion Recognition with Multimodal Large Language Models,"Project ID 53958
Emotion Recognition with Multimodal Large Language Models
This project aims to develop methods for recognizing human emotions using multimodal large language models (MLLMs) that can jointly process and reason over multiple sources of information such as facial expressions, speech, text, and contextual signals. The goal is to move beyond single-modality emotion recognition by leveraging the complementary nature of different modalities to obtain more robust and accurate predictions. Rather than training models from scratch, the project will focus on adapting and fine-tuning existing multimodal foundation models to emotion understanding tasks, making use of parameter-efficient learning strategies and limited labeled data. A key challenge is to effectively align and fuse heterogeneous signals (e.g., visual cues from facial expressions, acoustic features from voice, and semantic information from language) into a coherent representation of emotional state. The resulting models are expected to improve performance in real-world, noisy, and unconstrained environments, with applications in human-computer interaction, affective computing, mental health monitoring, and user behavior analysis.
Faculty supervisor:  MarcoPedersoli
Faculty Province: Québec
Faculty University: École de Technologie Supérieure
Faculty Campus: Montréal
Project Location: Montreal, Québec
Language: English
Preferred start date: 2027-05-03 (yyyy-mm-dd)
View Detail
Apply"
53960,Efficient Autoregressive Generative Modelling,"Project ID 53960
Efficient Autoregressive Generative Modelling
This project focuses on improving autoregressive generative models for image synthesis, with a particular emphasis on how images are represented and encoded into discrete tokens. Autoregressive models generate images token by token, but their effectiveness strongly depends on the quality and efficiency of the underlying tokenization process. The main goal of this project is to design more efficient and informative visual token representations that reduce redundancy while preserving semantic and structural content. This includes investigating improved image token encoders, more compact discrete representations, and alternative ways of organizing visual information for autoregressive modeling. A key objective is to reduce computational cost and sequence length during both training and inference, while maintaining or improving image generation quality. The project will explore methods such as learned visual tokenizers, compression-aware representations, and structure-preserving encoding schemes. The resulting methods aim to make autoregressive image generation more efficient and scalable, enabling higher-quality synthesis with reduced computational resources.
Faculty supervisor:  MarcoPedersoli
Faculty Province: Québec
Faculty University: École de Technologie Supérieure
Faculty Campus: Montréal
Project Location: Montreal, Québec
Language: English
Preferred start date: 2027-05-03 (yyyy-mm-dd)
View Detail
Apply"
53985,Acoustic localization using microphone arrays,"Project ID 53985
Acoustic localization using microphone arrays
This research project aims to complete the building and testing of an experimental setup that uses in-air acoustics to localize a sound source. It will use multiple microphone arrays (3-5) as receivers. Signal processing or control algorithms may need to be implemented. Depending on the intern's mathematical training and interests, the work could range from experimental testing and online or offline signal processing to mathematical formulation. The experimental setup should already be partially built upon the intern's arrival. The work should be done with the support of a graduate student. The school also has an anechoic chamber for conducting high-quality experiments. The intern's contribution(s) may be included in scientific publications and recognized via authorship recognition. This researcher creates an open research team that welcomes members from all underrepresented groups in STEM (Science, Technology, Engineering and Mathematics).
Faculty supervisor:  StephaneBlouin
Faculty Province: Québec
Faculty University: École de Technologie Supérieure
Faculty Campus: Montréal
Project Location: Montreal, Québec
Language: Either English or French
Preferred start date: 2027-05-10 (yyyy-mm-dd)
View Detail
Apply"
54025,Developing Flexible Batteries,"Project ID 54025
Developing Flexible Batteries
Flexible batteries are a key technology for powering wearable devices and next-generation electronics, and this project offers students a hands-on opportunity to explore how these batteries are made. By working on this project, students will develop practical laboratory skills such as preparing and handling materials safely, as well as mixing and applying functional inks. They will gain experience with printing techniques and learn how to build up a device layer by layer, understanding the importance of order and precision in fabrication. Throughout the project, students will deepen their understanding of basic electrochemistry, discovering how the different parts of a battery such as the anode, cathode, separator, and electrolyte work together to store and deliver energy. They will also learn how to test and characterize the performance of their batteries, using laboratory equipment to measure voltage, capacity, and flexibility, and interpreting the results to improve their designs. The project involves creating a battery on a flexible plastic sheet by layering different functional materials, each with a specific role in storing and delivering electrical energy. Students will learn how to prepare and apply these layers using straightforward lab methods. The process emphasizes hands-on skills, teamwork, and problem-solving, making it ideal for an educational setting. By the end of the project, students will have gained a strong foundation in materials science, printed electronics, and energy storage technology, as well as valuable experience in teamwork, laboratory practice, and scientific communication. These skills are highly relevant for future careers in science, engineering, and technology.
Faculty supervisor:  RicardoIzquierdo
Faculty Province: Québec
Faculty University: École de Technologie Supérieure
Faculty Campus: Montréal
Project Location: Montreal, Québec
Language: Either English or French
Preferred start date: 2027-05-03 (yyyy-mm-dd)
View Detail
Apply"
54026,Piezoelectric and Triboelectric Materials for Energy Generation and Sensing,"Project ID 54026
Piezoelectric and Triboelectric Materials for Energy Generation and Sensing
Piezoelectric and triboelectric materials represent a cutting-edge approach to self-powered systems and smart sensing technologies, thanks to their unique ability to harvest energy from everyday movements or environmental vibrations. This capability enables a diverse array of applications, such as wearable electronics that generate power from body motion, self-powered medical implants and health monitoring devices, wireless sensor networks for environmental monitoring, smart textiles and interactive surfaces, and structural health monitoring in buildings and infrastructure. The advancement of these materials is essential for realizing autonomous, maintenance-free devices within the Internet of Things (IoT) ecosystem and for promoting sustainable energy solutions. This project explores the design and fabrication of advanced piezoelectric and triboelectric novel materials, which have the unique ability to convert mechanical energy such as pressure, vibration, or motion into electrical energy. Students will engage in hands-on experimentation, learning how to process these materials into functional devices like energy harvesters and highly sensitive sensors. The project emphasizes the interplay between material structure, processing methods, and device performance, offering a comprehensive introduction to next-generation energy and sensor technologies. Through this project, students will gain practical experience in thin-film deposition techniques. They will investigate how different material compositions and fabrication parameters influence the efficiency of energy conversion and the sensitivity of sensors. By assembling and testing prototype devices, students will learn to measure key performance metrics such as output voltage, power density, and response time, and will interpret these results to optimize their designs. By developing expertise in these technologies, students play a vital role in driving innovations that minimize reliance on batteries, reduce maintenance costs, and facilitate new forms of human-machine interaction.
Faculty supervisor:  RicardoIzquierdo
Faculty Province: Québec
Faculty University: École de Technologie Supérieure
Faculty Campus: Montréal
Project Location: Montreal, Québec
Language: Either English or French
Preferred start date: 2027-05-03 (yyyy-mm-dd)
View Detail
Apply"
54027,Pressure Sensor for Smart Health Tracking,"Project ID 54027
Pressure Sensor for Smart Health Tracking
This project is dedicated to the development of innovative pressure sensors for medical applications using advanced 2D printing techniques. It allows the exploration of a wide range of functional materials, including piezoelectric, triboelectric, and conductive inks. Besides, students will have access to a wide range of 2D materials printers such as screen printing. Students will design, fabricate, and test flexible pressure sensors by formulating and printing specialized inks onto suitable plastic substrates, optimizing both the material composition and the printed microstructures to achieve high sensitivity, rapid response, and mechanical durability. The project will guide participants through the entire process, from selecting and preparing printable materials to integrating the sensors with electronic readout systems and evaluating their performance in conditions relevant to healthcare. These printed sensors will be tailored for use in various medical devices, such as wearable health monitors, non-invasive blood pressure cuffs, smart bandages for wound care, and patient support systems, where accurate and reliable pressure measurement is essential for patient safety and effective treatment. For example, one application could involve the creation of a skin-conforming, ultrathin printed pressure sensor designed to continuously monitor a patient’s respiration rate and volume, which aligns with ongoing research efforts in our lab. Such a sensor, fabricated using advanced piezoresistive or piezoelectric inks, can be seamlessly attached to the chest or abdomen to detect minute changes in local strain during breathing cycles. Alternatively, the pressure sensor can be positioned to directly monitor the strength and quality of exhalation, capturing respiratory dynamics with high fidelity. These approaches are capable of delivering highly accurate readings that closely correlate with clinical spirometers, while also providing significant advantages in terms of patient comfort, device disposability, and the ability to transmit data wirelessly for remote patient monitoring.
Faculty supervisor:  RicardoIzquierdo
Faculty Province: Québec
Faculty University: École de Technologie Supérieure
Faculty Campus: Montréal
Project Location: Montreal, Québec
Language: Either English or French
Preferred start date: 2027-05-03 (yyyy-mm-dd)
View Detail
Apply"
54028,Wearable Sensors for Muscle Fatigue Detection,"Project ID 54028
Wearable Sensors for Muscle Fatigue Detection
This project pioneers the development of next generation wearable sensors that go beyond conventional fatigue monitoring by integrating multimodal biochemical and biomechanical sensing with advanced data analytics. The core innovation lies in creating flexible, skin conforming sensor patches capable of simultaneously measuring key biochemical markers such as lactic acid and pH in sweat alongside biomechanical signals like muscle activity and localized pressure changes. By leveraging cutting edge 2D printing and microfluidic technologies, students will design sensors that offer continuous, non invasive, and highly reliable monitoring of muscle fatigue in real time, directly on the skin and during dynamic motion. A standout feature of this project is the incorporation of microfluidic sweat analysis to ensure stable and interference free biomarker detection during intense exercise. The sensors will also integrate soft, stretchable electrodes for electromyography (EMG), enabling the correlation of biochemical fatigue markers with electrical muscle activity for a holistic view of muscle performance and recovery. Advanced AI driven algorithms will be developed to interpret the multimodal sensor data, predict fatigue onset, and provide personalized, actionable feedback to users through a mobile app or wearable interface. Potential applications of this technology are vast. Athletes and fitness enthusiasts can optimize training and recovery, while sports teams and coaches gain access to actionable insights for injury prevention and performance enhancement. In clinical settings, healthcare professionals can remotely monitor patients undergoing rehabilitation or those at risk of overuse injuries, and researchers can use the system for large scale studies on human performance and fatigue. Technology also holds promise for older adults, enabling early detection of fatigue related mobility risks and supporting independent living. By empowering users with real time, personalized feedback on their physiological state, these wearable sensors will transform how muscle fatigue is detected, managed, and prevented. The project’s interdisciplinary approach combining printed electronics,
Faculty supervisor:  RicardoIzquierdo
Faculty Province: Québec
Faculty University: École de Technologie Supérieure
Faculty Campus: Montréal
Project Location: Montreal, Québec
Language: Either English or French
Preferred start date: 2027-05-03 (yyyy-mm-dd)
View Detail
Apply"
54029,Deposition and Optimization of the properties of high quality thin films,"Project ID 54029
Deposition and Optimization of the properties of high quality thin films
The deposition of thin film is the heart of micro fabrication process. These thin films can be deposited using classical and well know methods such as thermal or e-beam evaporation, DC and/or RF sputtering, Atomic Layer Deposition or methods inkjet printing, aerosol jet, micro dispensing or spray coating. In this project we propose optimizing the deposition of thin films. This optimization step is necessary to ensure the deposition of high quality thin films with optical, mechanical and electrical properties tailored to a specific application. Among the thin films of interest, we can find aluminum nitride (AlN) for its piezoelectric properties, silicon dioxide (SiO2 ) for its dielectric properties, Titanium dioxide (TiO2) for its photocatalytic properties, or indium tin oxide (ITO) for its conductive properties. Other materials of interest include silver, copper, graphene on flexible substrates for printed electronics applications. The expected outcome of this internship is the development of deposition recipes tailored toward the deposition of high quality thin films. The intern should deliver a list of recommendations on how to modify optical, mechanical and electrical properties of the deposited thin films.
Faculty supervisor:  RicardoIzquierdo
Faculty Province: Québec
Faculty University: École de Technologie Supérieure
Faculty Campus: Montréal
Project Location: Montreal, Québec
Language: Either English or French
Preferred start date: 2027-05-03 (yyyy-mm-dd)
View Detail
Apply"
54038,Creating an Online and Collaborative Database for Representing the Quebec Healthcare Innovation Ecosystem,"Project ID 54038
Creating an Online and Collaborative Database for Representing the Quebec Healthcare Innovation Ecosystem
The importance of innovation in the healthcare sector is widely recognized, in particular with regard to the challenges faced by the Quebec population and the complex needs of our healthcare system. Mechanisms are already in place in the Quebec ecosystem to stimulate and facilitate the process of creating, developing and adopting innovative solutions. In this context, this project focuses on maps, visual representations that, in our case, use graphs, diagrams or charts to present complex, multi-dimensional data. The advantage of maps is that they can be used to link known information to less visible mechanisms, or to highlight previously undiscovered knowledge. This Mitacs project forms part of a larger research initiative involving several master's and doctoral students. More specifically, the aim of this Mitacs internship project is to create the shell of the map. This shell may take the form of a graph-oriented database and will collect various types of information. This includes the type of stakeholder (e.g. start-up, spin-off, scale-up, university, college/cégep, incubator, accelerator, research centre, institute), the type of innovation (e.g. technological, social), places that have already tested the innovation (e.g. CIUSSS/CISSS, CHSLD, private residence), processes/protocols in place, public funding received and associated metrics. This project aims to create a demonstrator and is essentially programming-intensive. For reference, the project would typically be 70% back-end and 30% front-end, but this could shift towards a 50/50 split depending on the student's profile. Meetings with project partners and the ecosystem could be arranged to refine the backlog and validate the work completed in each sprint. The pre-project documentation is being finalised at the time of submitting this internship, and it may be possible to discuss it at an interview.
Faculty supervisor:  JuliaGuérineau
Faculty Province: Québec
Faculty University: École de Technologie Supérieure
Faculty Campus: Montréal
Project Location: Montréal, Québec
Language: Either English or French
Preferred start date: 2027-05-31 (yyyy-mm-dd)
View Detail
Apply"
54040,Development of educational material for model-based systems engineering in the aerospace industry,"Project ID 54040
Development of educational material for model-based systems engineering in the aerospace industry
Aircraft development is a complex exercise, and represents a major risk for companies. From a technical and organizational point of view, aircraft development calls on a wide range of disciplines and expertise. These systems integrate a combination of mechanical, electronic, electrical and software engineering. To better grasp this technical and organizational complexity, a systems engineering approach can be implemented. This approach is implemented using a model-based system engineering (MBSE) method. Models then become central to development, enabling teams from different disciplines to collaborate more easily. MBSE is becoming a necessity for engineers interested in aircraft development, but also in other industrial sectors. With a particular view to training the next generation of engineers, a course in MBSE is currently under study. The project's objective is thus to create educational material around the teaching of MBSE in an aircraft development context. The educational material will mainly be geared towards the practical application of concepts that will be covered in lectures. The material may therefore include examples and practical exercises. The outputs of the project will be defined with the student, but could include, at a minimum, an example of documented system development, requirements architecture, initial sketches of 3D models, system architectures, design of modules and their interfaces, 0D/1D simulation models, test cases.
Faculty supervisor:  JuliaGuérineau
Faculty Province: Québec
Faculty University: École de Technologie Supérieure
Faculty Campus: Montréal
Project Location: Montréal, Québec
Language: Either English or French
Preferred start date: 2027-05-05 (yyyy-mm-dd)
View Detail
Apply"
54111,Energy-Aware QoS Flexibility in Kubernetes-Based Cloud Systems,"Project ID 54111
Energy-Aware QoS Flexibility in Kubernetes-Based Cloud Systems
Cloud-native applications often rely on Kubernetes quality-of-service mechanisms to provide predictable execution for important services. These mechanisms are useful because they protect applications from resource interference and help maintain stable response time. However, strict service configurations can sometimes make the system too rigid, especially when some parts of the infrastructure are temporarily unused. This project investigates how Kubernetes-based systems can use runtime flexibility to improve energy efficiency while preserving service quality. Instead of focusing only on increasing or decreasing the resources assigned to an application, the project studies how predefined quality-of-service configurations can be managed more intelligently when workload demand and resource availability change. The main objective is to explore whether unused system capacity can be exploited in a controlled and safe manner to improve the energy-performance balance of cloud-native services. The project may involve deploying microservices, creating workload scenarios, observing performance behavior, analyzing system utilization, and measuring energy-related metrics. Artificial intelligence techniques, including reinforcement learning, may be explored to support adaptive decision-making. The expected outcome is an experimental study and prototype showing how controlled runtime flexibility can help cloud-native systems become more energy-aware without compromising service reliability.
Faculty supervisor:  AbdelouahedGherbi
Faculty Province: Québec
Faculty University: École de Technologie Supérieure
Faculty Campus: Montréal
Project Location: Montreal, Québec
Language: Either English or French
Preferred start date: 2027-05-03 (yyyy-mm-dd)
View Detail
Apply"
54113,Energy-Efficient Cloud-Native Microservices Using AI-Based Resource Management,"Project ID 54113
Energy-Efficient Cloud-Native Microservices Using AI-Based Resource Management
Cloud-native applications are increasingly deployed as microservices on platforms such as Kubernetes. These applications often need to satisfy strict performance requirements, such as low response time and stable quality of service. To guarantee performance, microservices are commonly assigned fixed CPU resources. However, this static allocation can lead to unnecessary energy consumption when the workload changes and the reserved resources are not fully used. This project aims to explore how artificial intelligence, especially reinforcement learning, can improve CPU resource management for cloud-native microservices. The general idea is to dynamically adjust the CPU resources assigned to a microservice according to the current workload, observed response time, and quality-of-service requirements. The project will study how to reduce energy consumption while maintaining application performance. It may include deploying microservices in Kubernetes, generating different workload conditions, collecting performance metrics, measuring energy usage, and designing an intelligent resource management strategy. The objective is to develop and evaluate an adaptive approach that avoids unnecessary CPU usage while keeping the application within its performance target. This project contributes to sustainable cloud computing by investigating how AI-based resource management can make cloud-native infrastructures more energy efficient.
Faculty supervisor:  AbdelouahedGherbi
Faculty Province: Québec
Faculty University: École de Technologie Supérieure
Faculty Campus: Montréal
Project Location: Montreal, Québec
Language: Either English or French
Preferred start date: 2027-05-03 (yyyy-mm-dd)
View Detail
Apply"
54114,Distributed IoT–Edge Infrastructure for Real-Time AI Applications,"Project ID 54114
Distributed IoT–Edge Infrastructure for Real-Time AI Applications
Modern intelligent systems increasingly rely on distributed IoT and edge-computing infrastructures to support real-time AI applications such as smart monitoring, industrial inspection, activity recognition, and intelligent sensing. While IoT devices generate large amounts of data, their limited computational and energy resources often prevent them from executing complex AI workloads locally. Edge computing offers an effective solution by providing nearby computing resources capable of supporting latency-sensitive applications. This project focuses on the design, implementation, and evaluation of a distributed IoT–edge platform where embedded devices and edge servers cooperate to execute AI workloads efficiently. The project will investigate how sensing devices, local AI inference modules, communication services, and edge-side orchestration mechanisms can work together to support adaptive workload distribution under changing operating conditions. The platform will include IoT devices equipped with cameras or sensors, communication mechanisms between devices and edge servers, resource monitoring capabilities, and edge-side orchestration services capable of coordinating task execution across multiple computing resources. Experimental studies will evaluate the impact of network conditions, device limitations, resource availability, and workload characteristics on overall system performance. The project combines embedded systems, networking, edge computing, and distributed systems engineering. The resulting platform will serve as a practical testbed for future research on intelligent IoT–edge infrastructures and adaptive AI deployment strategies.
Faculty supervisor:  AbdelouahedGherbi
Faculty Province: Québec
Faculty University: École de Technologie Supérieure
Faculty Campus: Montréal
Project Location: Montreal, Québec
Language: Either English or French
Preferred start date: 2027-05-03 (yyyy-mm-dd)
View Detail
Apply"
54117,Adaptive AI Model Selection and Multi-Agent Learning for IoT–Edge Systems,"Project ID 54117
Adaptive AI Model Selection and Multi-Agent Learning for IoT–Edge Systems
Real-time AI applications operating across IoT and edge infrastructures must continuously balance competing objectives such as accuracy, latency, energy consumption, and resource utilization. Different AI models exhibit varying computational requirements and performance characteristics, making dynamic model selection and task placement critical challenges in distributed AI systems. This project focuses on the development of intelligent decision-making mechanisms that enable adaptive AI deployment in IoT–edge environments. The project will investigate how machine learning models with different accuracy–performance trade-offs can be combined with multi-agent reinforcement learning techniques to support autonomous decision-making. The work will include evaluating computer vision and perception models for tasks such as image classification, object detection, and activity recognition. These models will be benchmarked on both embedded and edge-computing platforms to characterize their computational costs and performance profiles. Building on these results, the project will develop multi-agent decision-making strategies capable of dynamically selecting AI models, controlling sensing rates, allocating resources, and determining where AI tasks should be executed. Reinforcement learning agents will learn adaptive policies that respond to changing system conditions, including network quality, resource availability, latency requirements, and workload demands. The resulting framework will provide an intelligent orchestration layer capable of improving system performance while maintaining application-level quality requirements in dynamic IoT–edge environments.
Faculty supervisor:  AbdelouahedGherbi
Faculty Province: Québec
Faculty University: École de Technologie Supérieure
Faculty Campus: Montréal
Project Location: Montreal, Québec
Language: Either English or French
Preferred start date: 2027-05-03 (yyyy-mm-dd)
View Detail
Apply"
54222,Study of the degradation of cold recycled mixtures / Évaluation de la dégradation des enrobes recycles à froid,"Project ID 54222
Study of the degradation of cold recycled mixtures / Évaluation de la dégradation des enrobes recycles à froid
The objective of this research project is to evaluate the damage evolution of cold recycled mixtures subjected to different weather conditions. Cold recycled materials, treated with bitumen emulsion or with foamed bitumen, are used as base or binder course in bituminous pavement. The temperature and the moisture content of those mixes changes with time, which make their behaviour under loads (traffic) also change. There’s little information on the damage evolution of cold recycled materials, so this project will include a theoretical modeling based on laboratory degradations tests that will be performed.
Faculty supervisor:  AlanCarter
Faculty Province: Québec
Faculty University: École de Technologie Supérieure
Faculty Campus: Montréal
Project Location: Montreal, Québec
Language: Either English or French
Preferred start date: 2027-05-31 (yyyy-mm-dd)
View Detail
Apply"
54224,Effect of the recycled plastic on the properties of the hot mix asphalt,"Project ID 54224
Effect of the recycled plastic on the properties of the hot mix asphalt
> The objective of this research project is to evaluate the effect of different recycled plastic sources on the thermo-rheological properties of hot-mix asphalt materials. Currently, very limited information about recycled plastics is used when designing hot-mix asphalt mixtures for pavement applications. New characterization methods will be used to assess different sources of recycled plastics before designing and testing asphalt mixtures. Additional tests will also be developed to identify the key properties of recycled plastics that should be considered during the mix design process. These findings will contribute to a more reliable and performance-based incorporation of recycled plastics in asphalt pavements, supporting sustainable infrastructure and circular economy objectives.
Faculty supervisor:  AlanCarter
Faculty Province: Québec
Faculty University: École de Technologie Supérieure
Faculty Campus: Montréal
Project Location: Montreal, Québec
Language: Either English or French
Preferred start date: 2027-05-31 (yyyy-mm-dd)
View Detail
Apply"
54225,Effect of Biobinders on the Thermo-Rheological Properties of Hot-Mix Asphalt,"Project ID 54225
Effect of Biobinders on the Thermo-Rheological Properties of Hot-Mix Asphalt
> The objective of this research project is to evaluate the effect of different biobinder sources on the thermo-rheological properties of hot-mix asphalt materials. Currently, very limited information about biobinders is used when designing hot-mix asphalt mixtures for pavement applications. New characterization methods will be used to assess different types and sources of biobinders before designing and testing asphalt mixtures. Additional tests will also be developed to identify the key properties of biobinders that should be be considered during the mix design process. These findings will contribute to a more reliable and performance-based incorporation of biobinders in asphalt pavements, supporting sustainable infrastructure and reducing the environmental footprint associated with conventional petroleum-based binders.
Faculty supervisor:  AlanCarter
Faculty Province: Québec
Faculty University: École de Technologie Supérieure
Faculty Campus: Montréal
Project Location: Montreal, Québec
Language: Either English or French
Preferred start date: 2027-05-31 (yyyy-mm-dd)
View Detail
Apply"
54227,Design and Fabrication of a MEMS Sensor Enhanced by Integration of Ionic Liquid Crystal Elastomer (iLCE) Materials,"Project ID 54227
Design and Fabrication of a MEMS Sensor Enhanced by Integration of Ionic Liquid Crystal Elastomer (iLCE) Materials
This research project focuses on the design, fabrication, and integration of ionic Liquid Crystal Elastomer (iLCE) materials into Microelectromechanical Systems (MEMS) to develop high-performance strain sensors. While traditional MEMS technology faces limitations in flexibility, iLCEs offer a transformative alternative due to their large actuation strain, environmental responsiveness, and the flexo-ionic effect. This project utilizes the flexo-ionic effect as its core sensing mechanism: when the iLCE substrate undergoes mechanical deformation, the internal migration of mobile ions generates a measurable electrical current proportional to the applied strain. To realize these devices, the investigation will encompass a comprehensive study of iLCE synthesis, material characterization, and compatibility with standard microfabrication processes, while establishing design optimization principles to ensure seamless integration and high functional reliability. Beyond fundamental fabrication breakthroughs, the project will explore the practical deployment of these soft, adaptive MEMS sensors in rapidly evolving fields such as soft robotics for real-time feedback, biomedical engineering for diagnostic tools, and epidermal bioelectronics for non-invasive, continuous biomechanical and kinesthetic monitoring. Ultimately, this research will expand the microdevice design space and lay a critical foundation for next-generation, adaptive architectures utilizing smart materials.
Faculty supervisor:  AndyShih
Faculty Province: Québec
Faculty University: École de Technologie Supérieure
Faculty Campus: Montréal
Project Location: Montreal, Québec
Language: English
Preferred start date: 2027-05-03 (yyyy-mm-dd)
View Detail
Apply"
54230,Design and fabrication of ionic interconnects through microstructures in ionic liquid crystal elastomers for organic electrochemical transistors,"Project ID 54230
Design and fabrication of ionic interconnects through microstructures in ionic liquid crystal elastomers for organic electrochemical transistors
This research project will explore and experiment with ionic liquid crystal elastomers (iLCEs) to develop ionic interconnects to optimize neuromorphic organic electrochemical electronic circuits. These circuits are based on organic electrochemical transistors (OECTs) that rely on being immersed in an electrolyte. Instead of the field effect governing their mechanism, it is ions migrating into the bulk of the organic semiconductor doping it, which changes the conductivity of the channel. Hence why it is interesting to control how and where ions move through the electrolyte between the gate and channel. Currently, available solid and liquid electrolytes for OECT applications cannot guide ionic flow. That is where iLCEs come into play. The orientation of its liquid crystals affects the dynamics of traveling ions in the elastomer. Our proposed avenue to manipulate the direction of these liquid crystals is through guiding microstructures. These structures form grooves into which the liquid crystal molecule will rest, fixing their orientation. The arrangement of those molecules will create ionic paths within the solid electrolyte, consequently confining ionic current between specific circuit elements. The ability to shape ionic circuit paths could lead to creative and novel OECT circuit layouts, especially for neuromorphic circuits. Applications in neuromorphic computing could lead to minimized crosstalk, faster response times and therefore denser circuit integration. The focus of this project will be to demonstrate the effectiveness of different microstructure patterns in guiding ions. To achieve this, various patterns, designed with CAD tools such as Klayout or AutoCAD, will be fabricated through lithography and/or printing techniques. The electrical performances of the resulting electrolyte films will be tested onto OECTs. iLCE film morphology will finally be characterized through scanning electron microscopy and polarized optical microscopy.
Faculty supervisor:  AndyShih
Faculty Province: Québec
Faculty University: École de Technologie Supérieure
Faculty Campus: Montréal
Project Location: Montreal, Québec
Language: English
Preferred start date: 2027-05-03 (yyyy-mm-dd)
View Detail
Apply"
54231,"Design, simulation and fabrication of a low cost and flexible mm-wave RFID antenna sensor for increased-range healthcare monitoring application","Project ID 54231
Design, simulation and fabrication of a low cost and flexible mm-wave RFID antenna sensor for increased-range healthcare monitoring application
This research project aims to explore and develop mm-wave radio frequency identifications (RFIDs) antenna as a sensing system in smart bandages to assess chronic wounds. Currently, there are few to no commercial wireless devices available for continuous wound healing monitoring, leaving patients with chronic wounds to mostly rely on investigation by medical personnel. This leads to multiple clinical visits or prolonged hospitalizations which dramatically increases healthcare expenses for both patient and hospitals. Our proposed RFID antenna sensor seeks to address this issue by monitoring a set of physiological parameters related to wounds in a personal setting rather than in a hospital environment which will also meet the increasing demand for patient monitoring in a private. The proposed smart bandage offers several advantages over traditional monitoring systems. By eliminating the need for microcontrollers, chips, and batteries, it reduces the complexity, weight, and cost of the system while enhancing patient comfort. Moreover, the use of an embedded flexible printed antennas ensures energy autonomy, environmental sustainability and compatibility with various substrates. The primary focus of this project will be the development and fabrication of an RFID antenna sensor to increase its sensitivity and reading range, a general challenge associated with the state-of-the-art passive RFID solutions. This will be done using advanced simulation software such as CST microwave or Ansys HFSS and printing techniques on flexible substrates by means of printing methods (e.g., inkjet, screen, laser, etc.).
Faculty supervisor:  AndyShih
Faculty Province: Québec
Faculty University: École de Technologie Supérieure
Faculty Campus: Montréal
Project Location: Montreal, Québec
Language: English
Preferred start date: 2027-05-03 (yyyy-mm-dd)
View Detail
Apply"
54233,Real-Time Localization of a mm-Wave Chipless RFID Tag,"Project ID 54233
Real-Time Localization of a mm-Wave Chipless RFID Tag
This research project aims to investigate and develop a novel real-time localization platform based on mm-wave chipless RFID tags. Recent advances in mm-wave wireless systems have demonstrated the potential for highly accurate localization due to the large available bandwidth, high spatial resolution, and the possibility of implementing compact multiple-input multiple-output (MIMO) reader architectures. When combined with the low-cost, battery-free nature of chipless RFID technology, these characteristics offer a promising solution for next-generation localization and tracking applications. The project builds upon a previously developed mm-wave chipless RFID tag and focuses on enabling its real-time localization using advanced signal processing and machine learning techniques. The objective is to accurately determine both the position and angular location of the tag from the backscattered signals received by the reader. Different localization strategies will be explored and compared, including conventional signal processing methods and data-driven machine learning algorithms, to identify robust and accurate approaches for real-time localization. A key aspect of the project is the evaluation of localization performance under realistic deployment conditions. Experimental measurements will be conducted in a variety of environments, ranging from low-reflective settings to moderate and highly noisy scenarios where multipath propagation, interference, and clutter may impact performance. The collected datasets will be used to train, validate, and optimize localization algorithms while assessing their robustness and reliability. The expected outcomes include the development and experimental validation of real-time localization algorithms, along with a comprehensive assessment of their accuracy under different operating conditions. The proposed technology has the potential to enable low-cost, battery-free localization solutions for applications such as asset tracking, logistics, smart manufacturing, inventory management, and Internet-of-Things (IoT) systems.
Faculty supervisor:  AndyShih
Faculty Province: Québec
Faculty University: École de Technologie Supérieure
Faculty Campus: Montréal
Project Location: Montreal, Québec
Language: English
Preferred start date: 2027-05-03 (yyyy-mm-dd)
View Detail
Apply"
54234,Design and Fabrication of Fully-Printed mm-Wave Switches for Next-Generation RFID Systems,"Project ID 54234
Design and Fabrication of Fully-Printed mm-Wave Switches for Next-Generation RFID Systems
This research project aims to develop fully printed carbon nanotube (CNT)-based switching devices and integrate them with chipless RFID technology for wireless gas sensing at millimeter-wave frequencies (above 25 GHz). By combining CNT-based electronics with additive manufacturing techniques, the project seeks to enable low-cost, flexible, and environmentally sustainable sensing platforms for Internet of Things (IoT) applications. The research will focus on the design, fabrication, and characterization of fully printed switching elements based on CNT field-effect transistor (FET) structures. Key manufacturing challenges, including the fabrication of fine-feature conductive patterns, low-resistance printed electrodes, and reliable printed dielectric layers, will be investigated. Electromagnetic and circuit-level simulations will be employed to optimize the switch design and assess its performance at mm-wave frequencies. The developed switch will be integrated with a chipless RFID antenna sensor to create a wireless gas sensing platform. Changes in gas concentration will modify the electrical properties of the sensing element, producing measurable variations in the RFID response. Fabricated prototypes will be experimentally evaluated to assess their switching and sensing performance under different operating conditions. Successful completion of the project will enable the development of flexible, low-cost, and wireless gas sensors for environmental monitoring, industrial safety, and next-generation IoT applications.
Faculty supervisor:  AndyShih
Faculty Province: Québec
Faculty University: École de Technologie Supérieure
Faculty Campus: Montréal
Project Location: Montreal, Québec
Language: English
Preferred start date: 2027-05-03 (yyyy-mm-dd)
View Detail
Apply"
54243,Improving Developer Experience in Modern Software Observability Platforms,"Project ID 54243
Improving Developer Experience in Modern Software Observability Platforms
Modern software systems, particularly cloud-native and microservices-based applications, require advanced observability techniques to ensure reliability, performance, and maintainability. However, the developer experience (DX) of using observability tools like OpenTelemetry, Prometheus, Jaeger, and Grafana remains a major challenge. Developers struggle with setting up instrumentation, interpreting metrics, logs, and traces, and correlating these signals during debugging or performance analysis. This project aims to systematically study and enhance the usability and developer experience of open-source observability platforms. The project will include: * Conducting a developer-centric usability study of selected observability tools. * Identifying friction points through interviews, surveys, and heuristic evaluations. * Prototyping improvements (e.g., dashboards, CLI helpers, configuration abstractions). * Validating these improvements through user studies or field evaluations. This research contributes to software engineering by bridging the gap between tooling capabilities and real-world developer needs, without relying on artificial intelligence.
Faculty supervisor:  FabioPetrillo
Faculty Province: Québec
Faculty University: École de Technologie Supérieure
Faculty Campus: Montréal
Project Location: Montreal, Québec
Language: Either English or French
Preferred start date: 2027-05-03 (yyyy-mm-dd)
View Detail
Apply"
54245,Improving video game test coverage with machine learning,"Project ID 54245
Improving video game test coverage with machine learning
Video games are complex software systems that demand developers several skills like AI, Programming, Computer Graphics, and Networks, and many more. Further, video games are challenging projects in terms of scope. In this respect, how to cover a high level of game scenarios without increasing the game test effort? A possible solution is to use Machine learning (ML) systems. Then, the used machine learning techniques might aid game developers and game testers by automatizing the video game test process. In this project, we will explore innovative ways to test video game scenarios by applying machine learning techniques (such as Reinforcement and Competitive Learning) to search for possible variations of user inputs and corner case behaviors on video game systems. Using different ML techniques, we will implement an experimental video game for training a model to auto-learn to play the game, generating test scenarios automatically and training dataset to an automatic testing system. Next, we will introduce controlled bugs in the original video game, and evaluate incrementally your approach. This project will produce the state of art of video game testing systems using Machine Learning techniques. All produced approaches will be applied on video game projects from student projects at UQAC to AAA video game projects, as Ubisoft Entertainment.
Faculty supervisor:  FabioPetrillo
Faculty Province: Québec
Faculty University: École de Technologie Supérieure
Faculty Campus: Montréal
Project Location: Montréal, Québec
Language: Either English or French
Preferred start date: 2027-05-03 (yyyy-mm-dd)
View Detail
Apply"
54246,Improving Reliability of Distributed Service-Based Systems using Machine Learning,"Project ID 54246
Improving Reliability of Distributed Service-Based Systems using Machine Learning
Today, there are so many varieties of service-based applications, from the tinny ones to large distributed systems, whether as a client-server architecture or a microservice structure, there is a massive number of possibilities. That diversity comes up with many challenges, multiple ways to tackle them, and many technologies associated, such as Docker, Kubernetes, Service-Mesh, Envoy, Kafka, Quarkus, and others.
Faculty supervisor:  FabioPetrillo
Faculty Province: Québec
Faculty University: École de Technologie Supérieure
Faculty Campus: Montréal
Project Location: Montreal, Québec
Language: Either English or French
Preferred start date: 2027-05-03 (yyyy-mm-dd)
View Detail
Apply"
54247,Implementing and Evaluating Game Server Solutions,"Project ID 54247
Implementing and Evaluating Game Server Solutions
Massive Multi-Player Online games (MMO) are one of the most profitable marketing in entertainment domain. MMOs connect millions of players each day in game campaigns extremely on sophisticated environments. However, MMO games impose several technical challenges to software engineers and system administration: real-time issues and scalability. To tackle that challenges, Google, in partnership with Ubisoft Entertainment, proposed Agones, an open-source project that uses Kubernetes to host and scale dedicated game servers. In this project, students will collaborate to instantiate and evaluate Agones to support MMOs. The principal purpose of this project is to create an evaluation environment to MMO game servers on software quality aspects, producing the state of art on game server practices. At the end of the internship, students will be able to work in AAA video game teams to implement complex MMO game servers.
Faculty supervisor:  FabioPetrillo
Faculty Province: Québec
Faculty University: École de Technologie Supérieure
Faculty Campus: Montréal
Project Location: Montreal, Québec
Language: Either English or French
Preferred start date: 2027-05-03 (yyyy-mm-dd)
View Detail
Apply"
54248,Immersive Virtual Reality Environment to Video Game Development,"Project ID 54248
Immersive Virtual Reality Environment to Video Game Development
Virtual Reality (VR) is an important platform to support new interactive ways to improve productivity on high cognitive complex activities. Activities like mechanical maintenance, surgical procedures or financial decisions need multi-interactive visualizations. Further, VR can either support software complex software development activities, providing a cutting-edge state of art integrated environment systems (IDE). In this research project, we will develop a VR IDE prototype to evaluate an innovative way to integrate game assets like sprites, sounds or textures with pieces of code, helping developers and artists to combine complex elements in the same environment. The main objective is to evaluate VR constructors, widgets and frameworks to create the first VR IDE for game development. In addition, this project product will support students in the context of UQAC's bachelor with major on video game conception.
Faculty supervisor:  FabioPetrillo
Faculty Province: Québec
Faculty University: École de Technologie Supérieure
Faculty Campus: Montréal
Project Location: Montreal, Québec
Language: Either English or French
Preferred start date: 2027-05-03 (yyyy-mm-dd)
View Detail
Apply"
54249,Visualizing and Understanding Modern Cloud-Native Software Architectures,"Project ID 54249
Visualizing and Understanding Modern Cloud-Native Software Architectures
Modern cloud-native systems—composed of microservices, APIs, containers, and orchestration platforms like Kubernetes—are difficult to understand, maintain, and evolve. This complexity can slow development and increase the risk of failure. However, students often lack hands-on experience working with such systems in a comprehensible and interactive way. This project aims to build and evaluate novel interactive software visualization tools that help developers better understand the architecture, behavior, and evolution of real-world cloud-native systems.
Faculty supervisor:  FabioPetrillo
Faculty Province: Québec
Faculty University: École de Technologie Supérieure
Faculty Campus: Montréal
Project Location: Montreal, Québec
Language: Either English or French
Preferred start date: 2027-05-03 (yyyy-mm-dd)
View Detail
Apply"
54250,Improving software engineering skill for Canadian industry,"Project ID 54250
Improving software engineering skill for Canadian industry
Improve software engineering intern skills to prepare for Canadian industry and research.
Faculty supervisor:  FabioPetrillo
Faculty Province: Québec
Faculty University: École de Technologie Supérieure
Faculty Campus: Montréal
Project Location: Montréal, Québec
Language: Either English or French
Preferred start date: 2027-05-03 (yyyy-mm-dd)
View Detail
Apply"
54252,Using machine learning to identify noise aspects in log files,"Project ID 54252
Using machine learning to identify noise aspects in log files
Software systems in production generate data, services, and facilities for their users. But as it runs, it also needs to create other information about the system execution. The log files hold this information, which will be helpful to DevOps engineers, monitoring and observability systems, ensuring the good health of the system, preventing attacks, and even as a basis for investigating any system failures. What are the scenarios, settings, and data capable of generating noise in log files? What data characterize the information desired in the log files, and what information is unwanted? From a knowledge base about logs, one way to reach this objective is to apply Machine Learning (ML) techniques to analyze the lines of the log files to find the noises of these contained in them. In this project, we will research existing log libraries, interview system operators to understand the scenarios in which logs are used, and what information is desired and unwanted from these scenarios. Thus, we will build a Machine Learning (ML) model to evaluate the log files and their noise level from the collected responses. The project product will support students in the context of UQAC's bachelor with a major in software with knowledge in monitoring, logging, and machine learning.
Faculty supervisor:  FabioPetrillo
Faculty Province: Québec
Faculty University: École de Technologie Supérieure
Faculty Campus: Montréal
Project Location: Montréal, Québec
Language: English
Preferred start date: 2027-05-03 (yyyy-mm-dd)
View Detail
Apply"
54264,Development of a low-cost three-component aerodynamic force measurement system for small-scale laboratory use / Développement d’un système de mesure de force aérodynamique à trois composantes et à faible coût pour une utilisation en laboratoire à petite échelle,"Project ID 54264
Development of a low-cost three-component aerodynamic force measurement system for small-scale laboratory use / Développement d’un système de mesure de force aérodynamique à trois composantes et à faible coût pour une utilisation en laboratoire à petite échelle
We all have some experience with the fluid forces known as lift and drag. As a passenger in moving car, if you stick your hand out the window with your thumb tilted 45° toward the sky, you can feel the wind pushing upward (lift) and backward (drag) on your hand. Drag forces are felt even more strongly in water, for example by moving our hands in a pool. These very same forces shape the development and optimization of large vehicles or structures (e.g., aircraft, watercraft, vehicles, buildings). Scale models of aircraft and their components, for example, are often studied in the laboratory using wind tunnels or water channels to measure the forces and moments involved. Indeed, in engineering, we are interested in understanding how design decisions impact these forces and moments. The objective of this project is to develop a low-cost and adaptable system capable of measuring lift, drag, and pitching moment on an immersed body (e.g., airfoil in air, hydrofoil in water). This is known as a three-component force balance in aerodynamics. Given the cost of commercial force balances, we aim to develop a force balance that is both open software and open hardware, which will render such flow measurements accessible to a broader range of scientific fields and to industries and research labs around the world. A review and evaluation of relevant literature, methods, and previous iterations will be required to guide the selection of the load measurement (e.g., spring gauges, strain gauges, load cells) and force separation techniques. The three-component force balance will then be designed and fabricated. Control and acquisition will be performed using an Arduino or Raspberry Pi. The three-component force balance will be used to evaluate and compare the drag for two angles of attack of a 3D-printed hydrofoil in a water channel.
Faculty supervisor:  GiuseppeDi Labbio
Faculty Province: Québec
Faculty University: École de Technologie Supérieure
Faculty Campus: Montréal
Project Location: Montréal, Québec
Language: Either English or French
Preferred start date: 2027-05-03 (yyyy-mm-dd)
View Detail
Apply"
54381,Nouvelle méthode de détection et d'atténuation du leurrage GNSS,"Project ID 54381
Nouvelle méthode de détection et d'atténuation du leurrage GNSS
This research project addresses one of the most critical challenges in modern aviation: GNSS spoofing attacks, which can compromise aircraft safety by broadcasting false satellite signals. In collaboration with CMC Electronics, Safran Trusted 4D, and Jaunt Air Mobility, the LASSENA laboratory at ÉTS will develop innovative technologies for the detection, mitigation, and resilience of next-generation GNSS receivers. These systems will leverage multi-constellation diversity (GPS, Galileo, BeiDou), inertial measurement unit (IMU) integration, and advanced artificial intelligence techniques to ensure robust, real-time protection against spoofing.
Faculty supervisor:  Rene JrLandry
Faculty Province: Québec
Faculty University: École de Technologie Supérieure
Faculty Campus: Montréal
Project Location: Montréal, Québec
Language: Either English or French
Preferred start date: 2027-05-03 (yyyy-mm-dd)
View Detail
Apply"
54384,Navigation et Surveillance Imperdables pour Véhicules Autonomes Aériens et Terrestres (NESIVA),"Project ID 54384
Navigation et Surveillance Imperdables pour Véhicules Autonomes Aériens et Terrestres (NESIVA)
This research project, entitled NESIVA, focuses on the development of resilient navigation and surveillance technologies for autonomous aerial and ground vehicles operating in GNSS-challenged environments. Many autonomous systems depend heavily on GNSS for positioning, navigation, and timing. However, GNSS signals are weak, vulnerable to interference, and often unavailable or degraded in dense urban areas, indoor environments, or contested operational conditions. The project will investigate the use of Signals of Opportunity (SoOP) as alternative sources of positioning and obstacle detection. These signals may include low Earth orbit satellite transmissions, whose number is rapidly increasing worldwide, as well as terrestrial communication signals such as 3G, 4G, 5G, and future 6G networks. By exploiting these existing signals in a passive and non-cooperative manner, NESIVA aims to support robust and resilient PNT capabilities without relying exclusively on GNSS. The LASSENA laboratory at ÉTS will contribute to the development of an intelligent universal SoOP receiver based on software-defined radio. The project will also explore multi-signal fusion, including LEO-SoOP and cellular signals, to provide a new generation of navigation and surveillance solutions for civil and military autonomous vehicles. The intern will participate in research activities related to signal acquisition, processing, receiver development, data analysis, and performance evaluation. This project offers an opportunity to work on a highly innovative topic at the intersection of satellite navigation, wireless communications, software-defined radio, autonomous systems, and resilient PNT technologies.
Faculty supervisor:  Rene JrLandry
Faculty Province: Québec
Faculty University: École de Technologie Supérieure
Faculty Campus: Montréal
Project Location: Montréal, Québec
Language: Either English or French
Preferred start date: 2027-05-03 (yyyy-mm-dd)
View Detail
Apply"
54471,Enhancing Software Development Workflows with Agentic AI,"Project ID 54471
Enhancing Software Development Workflows with Agentic AI
Software development teams increasingly rely on a wide range of tools and processes to manage coding, testing, deployment, maintenance, and collaboration activities. While modern AI systems can automate individual tasks, there is still limited understanding of how autonomous AI agents can effectively coordinate and optimize entire software development workflows. This project aims to design, develop, and evaluate Agentic AI solutions that enhance software engineering workflows. The student will investigate how AI agents can support developers during various phases of software development, including requirements analysis, implementation, testing, code review, continuous integration, deployment, and maintenance. The project will explore the use of single-agent and multi-agent systems capable of autonomously performing software engineering tasks and collaborating with human developers. Particular attention will be given to improving workflow efficiency, reducing development bottlenecks, increasing software quality, and supporting developer decision-making. The student will design and implement prototype AI agents, integrate them into software development environments, and evaluate their effectiveness through empirical studies and experiments using open-source software projects. The project may also investigate challenges related to reliability, explainability, trust, and human oversight of autonomous agents. The outcomes of this research will contribute to the development of next-generation intelligent software engineering environments where human developers and AI agents work together to accelerate software delivery and improve software quality.
Faculty supervisor:  AliOuni
Faculty Province: Québec
Faculty University: École de Technologie Supérieure
Faculty Campus: Montréal
Project Location: Montreal, Québec
Language: Either English or French
Preferred start date: 2027-05-03 (yyyy-mm-dd)
View Detail
Apply"
54473,Improving the Quality of Microservice-Based Systems Using Agentic AI,"Project ID 54473
Improving the Quality of Microservice-Based Systems Using Agentic AI
Microservice architectures have become the dominant paradigm for building large-scale cloud-native applications. While they provide flexibility, scalability, and independent deployment capabilities, they also introduce significant complexity. Developers must manage service dependencies, architectural drift, performance bottlenecks, technical debt, security vulnerabilities, testing challenges, and system evolution. Recent advances in Agentic AI have enabled the development of autonomous software engineering agents capable of performing complex tasks such as code analysis, bug detection, test generation, root cause analysis, architectural assessment, and automated software repair. However, the application of these agents to microservice quality assurance remains largely unexplored. This project aims to design and evaluate AI agents that continuously monitor, analyze, and improve the quality of microservice-based systems. The project will investigate how autonomous agents can identify architectural violations, detect microservice anti-patterns, recommend refactorings, improve test coverage, identify performance and reliability issues, and support software maintenance activities. The student will develop prototype agents and evaluate them using open-source microservice systems. The project will combine software analytics, large language models, and agent-based reasoning to create intelligent assistants capable of supporting developers throughout the lifecycle of microservice applications. The expected outcomes include new techniques, tools, and empirical evidence on the effectiveness of Agentic AI for improving software quality in modern distributed systems.
Faculty supervisor:  AliOuni
Faculty Province: Québec
Faculty University: École de Technologie Supérieure
Faculty Campus: Montréal
Project Location: Montreal, Québec
Language: Either English or French
Preferred start date: 2027-05-03 (yyyy-mm-dd)
View Detail
Apply"
54476,Agentic AI and Model Context Protocol (MCP) for Intelligent Software Engineering,"Project ID 54476
Agentic AI and Model Context Protocol (MCP) for Intelligent Software Engineering
Recent advances in large language models have led to the emergence of AI agents capable of performing increasingly sophisticated software engineering tasks. However, the effectiveness of these agents depends largely on their ability to access relevant information and interact with the diverse tools used by software development teams. The Model Context Protocol (MCP) has recently emerged as a promising standard for enabling secure and standardized communication between AI agents and external software engineering resources. This project aims to explore how MCP can be leveraged to build intelligent software engineering agents capable of supporting developers throughout the software lifecycle. The project will investigate how agents can interact with code repositories, issue tracking systems, documentation platforms, CI/CD pipelines, testing frameworks, and other development tools through MCP-based integrations. The student will design, implement, and evaluate AI agents capable of performing tasks such as code analysis, automated code review, bug investigation, test generation, technical debt management, software maintenance, and development workflow automation. The project will also examine how MCP can facilitate collaboration among multiple agents and between human developers and AI agents. Particular attention will be given to challenges related to reliability, security, transparency, trustworthiness, and governance of agent-based software engineering systems. The project aims to contribute new knowledge, tools, and best practices for integrating MCP-enabled AI agents into modern software development environments. The outcomes of this research will help advance the next generation of intelligent development environments where developers and AI agents collaborate effectively to improve software quality and productivity.
Faculty supervisor:  AliOuni
Faculty Province: Québec
Faculty University: École de Technologie Supérieure
Faculty Campus: Montréal
Project Location: Montreal, Québec
Language: Either English or French
Preferred start date: 2027-05-03 (yyyy-mm-dd)
View Detail
Apply"
54579,Additive manufacturing of multifunctioncal and hybrid polymer nanocomposites for aerospace applications ad,"Project ID 54579
Additive manufacturing of multifunctioncal and hybrid polymer nanocomposites for aerospace applications ad
Polymer nanocomposites (PNCs) are gaining increasing attention as multifunctional, high-performance, and lightweight materials with strong potential for high-tech industries such as aerospace, where structural efficiency, durability, and advanced functionality are critical. Among their promising applications, energy harvesting, smart sensing and functionally graded materials are particularly relevant for the development of next-generation intelligent systems. In structural health monitoring for example, conductive PNCs based on flexible or thermoplastic elastomers offer a compelling alternative to conventional metal-foil strain gauges. Their intrinsic flexibility, high sensitivity, and broad detection range make them ideal for integration into smart aerospace structures and wearable technologies. Similarly, PNCs show strong potential in energy applications—such as piezoresistive or thermoelectric systems—where lightweight, conformable, and scalable materials are needed. PNCs are typically fabricated by incorporating nano-fillers—such as carbon nanotubes, or graphene nanoplatelets—into polymer matrices via techniques like solvent mixing, melt mixing, or in-situ polymerization. Among these, melt mixing is particularly attractive due to its scalability, environmental friendliness, and compatibility with industrial processing methods. In parallel, the rise of additive manufacturing (AM) technologies has opened new avenues for designing complex, integrated PNC-based components. AM, especially extrusion-based processes, enables the digital fabrication of tailored functional materials with reduced waste and energy consumption, aligning with circular economy principles. However, the development of printable and flexible PNCs remains limited and understudied. This project aims to address this gap by developing PNCs through AM. The objective is to optimize their microstructure to achieve good dispersion and controlled spatial distribution of the nanoparticles, investigate their rheological behavior to assess processability, and evaluate their printability via extrusion-based additive manufacturing. The resulting materials will be designed for high-performance sensing and energy-related applications in demanding sectors such as aerospace.
Faculty supervisor:  EmnaHelal
Faculty Province: Québec
Faculty University: École de Technologie Supérieure
Faculty Campus: Montréal
Project Location: Montreal, Québec
Language: Either English or French
Preferred start date: 2027-05-03 (yyyy-mm-dd)
View Detail
Apply"
54583,Nanocomposite Polymer Electrolytes for All-Solid-State Batteries,"Project ID 54583
Nanocomposite Polymer Electrolytes for All-Solid-State Batteries
Lithium-ion batteries are extensively utilized in a wide range of applications—including mobile communication devices, electric vehicles, and grid-scale energy storage systems—owing to their high energy density and long cycle life. However, increasing demands for safer, more efficient, and higher-performing energy storage technologies have accelerated the development of next-generation solutions, notably all-solid-state lithium-ion batteries. In contrast to conventional lithium-ion batteries, which comprise a cathode, anode, separator, and liquid electrolyte, all-solid-state batteries employ a solid-state electrolyte in place of the flammable liquid. This substitution not only enhances thermal and mechanical safety by mitigating the risks of leakage, fire, and explosion, but also enables improvements in energy density and operational stability. Solid-state electrolytes are typically classified into three categories: sulfide-based, oxide-based, and polymer-based systems. Among these, polymer-based electrolytes offer several compelling advantages, including compatibility with existing manufacturing infrastructure, cost-effectiveness, mechanical flexibility, thermal stability, and intrinsic safety. Nevertheless, their relatively low ionic conductivity and poor electrode-electrolyte interfacial stability present significant obstacles to commercialization. To address these limitations, the incorporation of functional nanomaterials—such as MXene nanoparticles—into polymer matrices has emerged as a promising strategy. These nanocomposite polymer electrolytes can significantly enhance ionic conductivity, mechanical integrity, and interfacial compatibility. This project focuses on the development of high-performance polymer nanocomposite electrolytes for all-solid-state lithium-ion batteries using melt compounding and molding techniques. These solvent-free processing methods offer a scalable and environmentally friendly alternative to traditional fabrication approaches, such as solution casting, coating, and drying. The goal is to advance the manufacturability, performance, and safety of next-generation solid-state batteries through innovative material design and processing.
Faculty supervisor:  EmnaHelal
Faculty Province: Québec
Faculty University: École de Technologie Supérieure
Faculty Campus: Montréal
Project Location: Montreal, Québec
Language: Either English or French
Preferred start date: 2027-05-03 (yyyy-mm-dd)
View Detail
Apply"
54745,LLM alignment and safety for software engineering prompts,"Project ID 54745
LLM alignment and safety for software engineering prompts
The project is about working on ongoing efforts to systematically test and discover potentially vulnerable areas of current LLMs when it comes to their alignment, especially as it relates to prompts involving software engineering. The work will involve some data science and some metaheuristics (genetic algorithms, simulated annealing, tabu search...)
Faculty supervisor:  SeglaKpodjedo
Faculty Province: Québec
Faculty University: École de Technologie Supérieure
Faculty Campus: Montréal
Project Location: Montreal, Québec
Language: Either English or French
Preferred start date: 2027-06-01 (yyyy-mm-dd)
View Detail
Apply"
